0291010010,0,0,"2020-06-06 09:05:05","2020-06-06 09:05:05","06/03 08:56:55","06/06 09:05:05","06/05 08:56:30","06/06 09:05:05"
2101010013,24542,4332,"2020-06-05 11:50:29","2020-06-06 23:59:34","06/01 16:35:31","06/05 10:59:29","06/01 16:35:31","06/05 11:50:29"
2101020019,31734,3770,"2020-06-05 11:59:32","2020-06-06 23:59:34","06/05 08:56:30","06/05 11:59:32","06/05 08:56:30","06/05 09:08:31"
2101090011,20097,2990,"2020-06-05 16:29:29","2020-06-06 23:59:34","06/05 08:32:34","06/05 16:29:29","06/05 08:32:34","06/05 16:29:29"
2101100227,19908,1370,"2020-06-05 16:59:29","2020-06-06 23:59:34","06/05 08:20:29","06/05 16:59:29","06/05 08:20:29","06/05 16:29:29"
2101110027,22850,2851,"2020-06-05 16:53:29","2020-06-06 23:59:34","06/05 08:20:29","06/05 16:53:29","06/05 08:20:29","06/05 12:05:32"
2101120014,24755,3797,"2020-06-05 11:56:31","2020-06-06 23:59:34","06/01 16:35:31","06/05 11:56:31","06/01 16:35:31","06/05 11:11:33"
2101150012,22977,4370,"2020-06-05 11:59:32","2020-06-06 23:59:34","06/05 08:41:29","06/05 11:59:32","06/05 08:41:29","06/05 10:14:29"
2101161033,27684,3790,"2020-06-05 11:44:33","2020-06-06 23:59:34","06/05 08:53:29","06/05 11:44:33","06/05 08:41:29","06/05 10:05:32"
2101170050,22761,1303,"2020-06-05 16:59:29","2020-06-06 23:59:34","06/05 08:23:33","06/05 16:59:29","06/05 08:23:33","06/05 14:53:31"
2101180038,30362,3968,"2020-06-05 11:56:31","2020-06-06 23:59:34","06/05 08:44:30","06/05 11:56:31","06/05 08:44:30","06/05 11:32:34"
2101191068,40886,1390,"2020-06-05 16:50:29","2020-06-06 23:59:34","06/05 08:14:29","06/05 16:50:29","06/05 16:35:32","06/05 16:23:31"
2101200017,39114,930,"2020-06-05 16:50:29","2020-06-06 23:59:34","06/05 08:29:30","06/05 16:50:29","06/05 08:29:30","06/05 16:02:34"
2303240013,171,670,"2020-06-05 15:56:30","2020-06-06 23:59:34","06/01 16:35:31","06/05 15:53:31","06/05 13:08:31","06/05 15:56:30"
2311010010,2583,1320,"2020-06-05 15:26:31","2020-06-06 23:59:34","06/01 16:35:31","06/05 15:26:31","06/01 16:35:31","06/05 15:26:31"
2311020016,1496,1508,"2020-06-05 16:14:31","2020-06-06 23:59:34","06/03 10:02:55","06/05 16:14:31","06/03 10:02:55","06/05 14:20:31"
2311030012,3675,660,"2020-06-05 14:20:31","2020-06-06 23:59:34","06/01 16:35:31","06/05 14:20:31","06/01 16:35:31","06/05 13:38:31"
2311040018,2596,1253,"2020-06-05 15:17:32","2020-06-06 23:59:34","06/01 16:35:31","06/05 15:17:32","06/01 16:35:31","06/05 15:08:38"
2311050014,6678,720,"2020-06-05 15:50:30","2020-06-06 23:59:34","06/01 16:35:31","06/05 15:50:30","06/01 16:35:31","06/05 13:44:31"
2311060010,2532,2070,"2020-06-05 14:35:32","2020-06-06 23:59:34","06/02 10:41:56","06/05 14:35:32","06/01 16:35:31","06/05 13:50:29"
2311070016,8811,1570,"2020-06-05 14:44:30","2020-06-06 23:59:34","06/01 16:35:31","06/05 14:44:30","06/01 16:35:31","06/05 13:50:29"
2312010014,234,1570,"2020-06-05 16:59:29","2020-06-06 23:59:34","06/01 16:35:31","06/05 16:59:29","06/05 12:44:29","06/05 16:35:32"
2312041028,2529,1810,"2020-06-05 15:14:31","2020-06-06 23:59:34","06/05 08:29:30","06/05 15:14:31","06/05 08:29:30","06/05 11:56:31"
2312050018,3276,1810,"2020-06-05 16:59:29","2020-06-06 23:59:34","06/05 13:44:31","06/05 16:59:29","06/05 13:44:31","06/05 16:47:30"
2317020010,3528,280,"2020-06-05 16:05:31","2020-06-06 23:59:34","06/05 13:17:29","06/05 16:05:31","06/05 13:17:29","06/05 15:41:34"
2317040012,2817,1060,"2020-06-05 15:44:31","2020-06-06 23:59:34","06/01 16:35:31","06/05 15:44:31","06/03 13:32:57","06/05 15:41:34"
2317050018,3711,1290,"2020-06-05 15:59:29","2020-06-06 23:59:34","06/01 16:35:31","06/05 15:59:29","06/01 16:35:31","06/05 15:59:29"
2317060014,3339,860,"2020-06-05 15:35:35","2020-06-06 23:59:34","06/02 13:20:52","06/05 15:35:35","06/05 13:23:29","06/05 14:41:34"
2317070010,1995,299,"2020-06-05 15:59:29","2020-06-06 23:59:34","06/05 10:53:30","06/05 15:59:29","06/05 10:53:30","06/05 15:59:29"
2317080016,4681,670,"2020-06-05 15:35:35","2020-06-06 23:59:34","06/01 16:35:31","06/05 15:35:35","06/01 16:35:31","06/03 13:53:54"
2317081022,6021,1090,"2020-06-05 14:59:29","2020-06-06 23:59:34","06/01 16:35:31","06/05 14:59:29","06/01 16:35:31","06/05 14:50:30"
2321010013,2250,1419,"2020-06-06 10:56:33","2020-06-06 23:59:34","06/01 16:35:31","06/06 10:56:33","06/01 16:35:31","06/06 09:56:45"
2321020019,1348,586,"2020-06-05 11:05:31","2020-06-06 23:59:34","06/05 00:29:32","06/05 11:05:31","06/05 00:29:32","06/05 10:59:29"
2321030015,2506,1500,"2020-06-05 10:59:29","2020-06-06 23:59:34","06/01 16:35:31","06/05 10:59:29","06/01 16:35:31","06/05 10:50:30"
2321040011,603,1340,"2020-06-05 10:59:29","2020-06-06 23:59:34","06/01 16:35:31","06/05 10:59:29","06/01 16:35:31","06/05 10:59:29"
2321060013,2515,1235,"2020-06-05 10:14:29","2020-06-06 23:59:34","06/01 16:35:31","06/05 10:14:29","06/01 16:35:31","06/05 09:41:30"
2321070019,189,570,"2020-06-05 11:05:31","2020-06-06 23:59:34","06/01 16:35:31","06/05 10:44:31","06/05 08:44:30","06/05 11:05:31"
2322010017,4324,1207,"2020-06-05 16:44:29","2020-06-06 23:59:34","06/01 16:35:31","06/05 16:44:29","06/01 16:35:31","06/05 16:44:29"
2322020013,2916,660,"2020-06-05 16:23:31","2020-06-06 23:59:34","06/01 16:35:31","06/05 16:23:31","06/01 16:35:31","06/05 14:53:31"
2331070012,690,917,"2020-06-05 11:29:29","2020-06-06 23:59:34","06/03 00:29:57","06/05 11:29:29","06/03 00:29:57","06/05 09:44:30"
2331080018,4478,174,"2020-06-05 11:20:32","2020-06-06 23:59:34","06/01 16:35:31","06/05 11:20:32","06/05 08:38:30","06/05 11:11:33"
2331090014,2295,977,"2020-06-05 16:38:32","2020-06-06 23:59:34","06/01 16:35:31","06/05 16:38:32","06/01 16:35:31","06/05 13:44:31"
2331100015,4710,699,"2020-06-05 13:20:29","2020-06-06 23:59:34","06/01 16:35:31","06/05 13:20:29","06/01 16:35:31","06/03 13:35:57"
2331120017,3341,1075,"2020-06-05 11:44:33","2020-06-06 23:59:34","06/04 08:02:58","06/05 11:44:33","06/03 08:11:52","06/05 10:23:29"
2331150015,2763,1200,"2020-06-05 10:59:29","2020-06-06 23:59:34","06/05 00:29:32","06/05 10:59:29","06/05 00:29:32","06/04 10:23:57"
2331160011,4083,488,"2020-06-05 15:59:29","2020-06-06 23:59:34","06/01 16:35:31","06/05 15:59:29","06/01 16:35:31","06/05 13:38:31"
2331170017,3931,397,"2020-06-05 17:23:31","2020-06-06 23:59:34","06/04 12:08:54","06/05 17:23:31","06/05 17:23:31","06/05 09:47:30"
2331180013,2925,682,"2020-06-05 11:56:31","2020-06-06 23:59:34","06/05 08:32:34","06/05 11:56:31","06/05 08:32:34","06/05 10:38:31"
2331190019,3607,794,"2020-06-05 11:53:32","2020-06-06 23:59:34","06/05 09:02:35","06/05 11:53:32","06/05 09:02:35","06/05 10:59:29"
2331200010,642,743,"2020-06-05 09:53:32","2020-06-06 23:59:34","06/01 16:35:31","06/05 09:53:32","06/01 16:35:31","06/05 09:32:36"
2331210016,3510,620,"2020-06-05 15:47:31","2020-06-06 23:59:34","06/05 11:32:34","06/05 15:47:31","06/01 16:35:31","06/05 15:02:33"
2331220012,3105,600,"2020-06-05 11:59:32","2020-06-06 23:59:34","06/01 16:35:31","06/05 11:59:32","06/01 16:35:31","06/05 11:05:31"
2331230018,3447,1295,"2020-06-05 15:44:31","2020-06-06 23:59:34","06/05 12:47:30","06/05 15:44:31","06/03 12:59:55","06/05 14:08:32"
2331240014,2214,740,"2020-06-05 12:08:33","2020-06-06 23:59:34","06/04 08:02:58","06/05 12:08:33","06/05 08:11:29","06/05 10:41:31"
2331250010,2128,1405,"2020-06-05 11:35:33","2020-06-06 23:59:34","06/01 16:35:31","06/05 11:35:33","06/01 16:35:31","06/05 10:02:34"
2331260016,3312,1141,"2020-06-05 11:38:32","2020-06-06 23:59:34","06/01 16:35:31","06/05 11:38:32","06/03 08:05:55","06/05 09:23:29"
2331270012,4780,800,"2020-06-05 11:17:30","2020-06-06 23:59:34","06/01 16:35:31","06/05 11:17:30","06/01 16:35:31","06/05 10:47:30"
2331280018,1269,674,"2020-06-05 11:56:31","2020-06-06 23:59:34","06/05 09:02:35","06/05 11:56:31","06/05 09:02:35","06/05 09:08:31"
2331290014,2659,1067,"2020-06-05 11:47:31","2020-06-06 23:59:34","06/05 10:11:32","06/05 11:47:31","06/05 10:11:32","06/05 11:44:33"
2332030012,1857,555,"2020-06-05 15:59:29","2020-06-06 23:59:34","06/01 16:35:31","06/05 15:59:29","06/05 13:56:29","06/05 14:05:29"
2332040018,3699,980,"2020-06-05 13:47:29","2020-06-06 23:59:34","06/01 16:35:31","06/05 13:47:29","06/01 16:35:31","06/05 12:38:31"
2332060010,4653,640,"2020-06-05 15:32:33","2020-06-06 23:59:34","06/01 16:35:31","06/05 15:32:33","06/01 16:35:31","06/05 14:50:30"
2332080012,1461,726,"2020-06-05 12:26:29","2020-06-06 23:59:34","06/01 16:35:31","06/05 12:26:29","06/05 10:59:29","06/05 11:50:29"
2332090018,4108,1909,"2020-06-05 13:38:31","2020-06-06 23:59:34","06/01 16:35:31","06/05 13:38:31","06/05 11:53:32","06/05 12:02:34"
2332100019,4707,1680,"2020-06-05 13:47:29","2020-06-06 23:59:34","06/01 16:35:31","06/05 13:47:29","06/05 11:29:29","06/05 13:35:31"
2332110015,1870,255,"2020-06-05 15:11:33","2020-06-06 23:59:34","06/01 16:35:31","06/05 15:11:33","06/01 16:35:31","06/05 14:59:29"
2332120011,1818,1373,"2020-06-05 14:02:33","2020-06-06 23:59:34","06/01 16:35:31","06/05 14:02:33","06/01 16:35:31","06/05 12:08:33"
2332130017,2966,405,"2020-06-06 10:17:34","2020-06-06 23:59:34","06/03 08:47:55","06/06 10:17:34","06/05 09:23:29","06/05 12:02:34"
2333010014,5391,1330,"2020-06-05 12:50:29","2020-06-06 23:59:34","06/01 16:35:31","06/05 12:20:29","06/01 16:35:31","06/05 12:50:29"
2333020010,1809,210,"2020-06-05 15:20:31","2020-06-06 23:59:34","06/01 16:35:31","06/05 15:20:31","06/05 13:50:29","06/05 14:44:30"
2333030016,1035,660,"2020-06-05 11:23:30","2020-06-06 23:59:34","06/04 00:29:56","06/05 11:23:30","06/04 00:29:56","06/05 11:23:30"
2333050018,2574,1670,"2020-06-05 15:38:31","2020-06-06 23:59:34","06/01 16:35:31","06/05 15:38:31","06/03 08:05:55","06/05 13:41:31"
2333060014,4080,960,"2020-06-05 16:02:34","2020-06-06 23:59:34","06/05 13:53:31","06/05 16:02:34","06/01 16:35:31","06/05 14:59:29"
2333080016,5415,861,"2020-06-05 14:53:31","2020-06-06 23:59:34","06/01 16:35:31","06/05 14:53:31","06/01 16:35:31","06/05 13:50:29"
2333090012,1710,730,"2020-06-05 14:38:31","2020-06-06 23:59:34","06/01 16:35:31","06/05 14:38:31","06/05 11:41:31","06/05 14:14:30"
2333100013,4556,440,"2020-06-05 14:59:29","2020-06-06 23:59:34","06/05 08:23:33","06/05 14:59:29","06/05 08:23:33","06/05 09:32:36"
2333110019,5405,363,"2020-06-05 14:14:30","2020-06-06 23:59:34","06/05 09:59:29","06/05 14:14:30","06/05 09:59:29","06/05 09:23:29"
2333120015,2032,476,"2020-06-05 15:38:31","2020-06-06 23:59:34","06/01 16:35:31","06/05 15:38:31","06/05 14:29:29","06/05 15:32:33"
2333130011,1629,760,"2020-06-05 11:59:32","2020-06-06 23:59:34","06/02 10:17:55","06/05 11:59:32","06/03 09:59:54","06/05 11:50:29"
2333140017,3403,367,"2020-06-05 15:23:31","2020-06-06 23:59:34","06/05 08:35:31","06/05 15:23:31","06/03 08:44:55","06/05 11:38:32"
2334010018,3865,642,"2020-06-06 11:17:33","2020-06-06 23:59:34","06/01 16:35:31","06/06 11:17:33","06/01 16:35:31","06/06 11:17:33"
2334020014,5346,1599,"2020-06-06 10:38:33","2020-06-06 23:59:34","06/01 16:35:31","06/06 10:38:33","06/01 16:35:31","06/06 09:44:31"
2334030010,4738,721,"2020-06-06 09:59:41","2020-06-06 23:59:34","06/01 16:35:31","06/06 09:59:41","06/01 16:35:31","06/06 09:50:44"
2334040016,3627,420,"2020-06-06 11:50:32","2020-06-06 23:59:34","06/03 08:14:50","06/06 10:56:33","06/06 08:50:34","06/06 11:50:32"
2334050012,2752,1223,"2020-06-06 10:53:38","2020-06-06 23:59:34","06/01 16:35:31","06/06 10:53:38","06/03 13:53:54","06/06 10:53:38"
2334060018,3186,908,"2020-06-06 15:47:29","2020-06-06 23:59:34","06/01 16:35:31","06/06 15:47:29","06/06 13:56:29","06/06 14:47:29"
2334070014,1722,873,"2020-06-06 11:02:37","2020-06-06 23:59:34","06/01 16:35:31","06/06 11:02:37","06/05 16:17:31","06/05 15:44:31"
2334081026,1791,560,"2020-06-06 10:44:38","2020-06-06 23:59:34","06/04 08:50:51","06/06 10:38:33","06/04 08:50:51","06/06 10:44:38"
2334090016,6210,820,"2020-06-06 11:08:38","2020-06-06 23:59:34","06/01 16:35:31","06/06 10:47:40","06/06 09:35:32","06/06 11:08:38"
2334100017,1125,930,"2020-06-06 10:35:32","2020-06-06 23:59:34","06/06 08:11:31","06/06 10:35:32","06/06 08:11:31","06/06 09:50:44"
2334110013,3698,998,"2020-06-06 09:14:32","2020-06-06 23:59:34","06/01 16:35:31","06/06 09:14:32","06/01 16:35:31","06/06 08:47:36"
2334120019,2331,910,"2020-06-06 09:38:34","2020-06-06 23:59:34","06/04 09:03:04","06/06 09:38:34","06/06 08:38:35","06/06 09:38:34"
2335010012,3135,600,"2020-06-05 10:41:31","2020-06-06 23:59:34","06/05 07:47:29","06/05 10:41:31","06/01 16:35:31","06/04 09:29:53"
2335020018,12249,1940,"2020-06-05 16:41:30","2020-06-06 23:59:34","06/01 16:35:31","06/05 16:41:30","06/01 16:35:31","06/05 16:38:32"
2335030014,2637,1050,"2020-06-05 16:41:30","2020-06-06 23:59:34","06/05 08:11:29","06/05 16:41:30","06/01 16:35:31","06/05 11:08:32"
2335040010,1053,920,"2020-06-05 16:14:31","2020-06-06 23:59:34","06/01 16:35:31","06/05 16:14:31","06/01 16:35:31","06/05 16:14:31"
2335050016,882,1000,"2020-06-05 16:32:33","2020-06-06 23:59:34","06/04 08:08:54","06/05 16:32:33","06/04 08:08:54","06/05 16:26:31"
2335060012,3632,605,"2020-06-05 10:35:31","2020-06-06 23:59:34","06/01 16:35:31","06/05 10:35:31","06/01 16:35:31","06/02 09:08:55"
2335070018,2385,960,"2020-06-05 16:29:29","2020-06-06 23:59:34","06/05 00:29:32","06/05 16:29:29","06/05 00:29:32","06/04 10:17:06"
2335080014,909,1275,"2020-06-05 15:08:38","2020-06-06 23:59:34","06/01 16:35:31","06/05 15:08:38","06/01 16:35:31","06/02 15:47:57"
2335090010,1104,760,"2020-06-05 10:23:29","2020-06-06 23:59:34","06/01 16:35:31","06/05 10:23:29","06/05 08:11:29","06/05 08:26:30"
2335100011,3978,620,"2020-06-05 16:23:31","2020-06-06 23:59:34","06/04 16:44:33","06/05 16:23:31","06/01 16:35:31","06/05 16:20:33"
2335110017,5109,1670,"2020-06-05 15:41:34","2020-06-06 23:59:34","06/05 08:02:32","06/05 15:41:34","06/05 08:02:32","06/04 14:35:30"
2335120013,2725,1011,"2020-06-05 16:14:31","2020-06-06 23:59:34","06/04 08:29:54","06/05 16:14:31","06/01 16:35:31","06/01 17:58:02"
2335130019,2184,1750,"2020-06-05 13:47:29","2020-06-06 23:59:34","06/03 00:29:57","06/05 13:47:29","06/03 00:29:57","06/04 13:11:55"
2335140015,1746,1135,"2020-06-05 15:29:31","2020-06-06 23:59:34","06/01 16:35:31","06/05 15:29:31","06/01 16:35:31","06/04 08:53:50"
2335150011,3600,630,"2020-06-05 15:20:31","2020-06-06 23:59:34","06/04 07:56:51","06/05 15:20:31","06/05 07:56:29","06/05 10:59:29"
2335160017,4167,830,"2020-06-05 15:26:31","2020-06-06 23:59:34","06/04 08:23:54","06/05 15:26:31","06/02 08:20:54","06/05 09:56:29"
2335170013,4590,1960,"2020-06-05 15:26:31","2020-06-06 23:59:34","06/01 16:35:31","06/05 15:26:31","06/01 16:35:31","06/04 11:23:54"
2335180019,1650,660,"2020-06-05 14:35:32","2020-06-06 23:59:34","06/01 16:35:31","06/05 14:35:32","06/05 08:32:34","06/05 14:35:32"
2336010016,6629,1300,"2020-06-05 15:38:31","2020-06-06 23:59:34","06/01 16:35:31","06/05 15:38:31","06/01 16:35:31","06/05 15:20:31"
2336020012,4833,1380,"2020-06-05 16:14:31","2020-06-06 23:59:34","06/01 16:35:31","06/05 16:14:31","06/01 16:35:31","06/04 15:05:32"
2336030018,1710,790,"2020-06-05 15:56:30","2020-06-06 23:59:34","06/01 16:35:31","06/05 15:56:30","06/01 16:35:31","06/05 15:53:31"
2336040014,342,250,"2020-06-05 15:50:30","2020-06-06 23:59:34","06/01 16:35:31","06/05 15:50:30","06/05 13:29:29","06/05 15:32:33"
2336050010,3825,900,"2020-06-05 15:29:31","2020-06-06 23:59:34","06/01 16:35:31","06/05 15:29:31","06/05 13:14:29","06/05 15:29:31"
2336060016,1746,390,"2020-06-05 15:59:29","2020-06-06 23:59:34","06/01 16:35:31","06/05 15:44:31","06/01 16:35:31","06/05 15:59:29"
2336070012,3150,670,"2020-06-05 16:29:29","2020-06-06 23:59:34","06/01 16:35:31","06/05 16:29:29","06/05 11:50:29","06/05 13:41:31"
2336080018,2958,434,"2020-06-05 15:47:31","2020-06-06 23:59:34","06/05 13:50:29","06/05 15:47:31","06/01 16:35:31","06/05 15:05:32"
2336090014,2847,520,"2020-06-05 15:47:31","2020-06-06 23:59:34","06/01 16:35:31","06/05 15:47:31","06/01 16:35:31","06/05 15:44:31"
2336100015,1232,500,"2020-06-05 15:56:30","2020-06-06 23:59:34","06/01 16:35:31","06/05 15:56:30","06/01 16:35:31","06/05 15:26:31"
2336110011,5058,861,"2020-06-05 15:59:29","2020-06-06 23:59:34","06/01 16:35:31","06/05 15:59:29","06/01 16:35:31","06/05 15:59:29"
2336120017,2772,679,"2020-06-05 15:29:31","2020-06-06 23:59:34","06/01 16:35:31","06/05 15:29:31","06/05 13:56:29","06/04 14:35:30"
2336130013,3951,1740,"2020-06-05 15:32:33","2020-06-06 23:59:34","06/01 16:35:31","06/05 15:32:33","06/01 16:35:31","06/01 17:58:02"
2336140019,2995,740,"2020-06-05 15:53:31","2020-06-06 23:59:34","06/04 13:23:50","06/05 15:53:31","06/05 13:20:29","06/05 14:23:30"
2336150015,2466,870,"2020-06-05 15:44:31","2020-06-06 23:59:34","06/01 16:35:31","06/05 15:44:31","06/05 13:29:29","06/05 14:50:30"
2336160011,1023,1118,"2020-06-05 15:02:33","2020-06-06 23:59:34","06/01 16:35:31","06/05 15:02:33","06/03 13:08:55","06/05 14:29:29"
2336170017,3393,660,"2020-06-05 15:23:31","2020-06-06 23:59:34","06/01 16:35:31","06/05 15:23:31","06/01 16:35:31","06/05 14:20:31"
2336180013,3726,610,"2020-06-05 15:53:31","2020-06-06 23:59:34","06/01 16:35:31","06/05 15:53:31","06/01 16:35:31","06/05 15:53:31"
2336190019,1368,679,"2020-06-05 15:56:30","2020-06-06 23:59:34","06/04 13:20:49","06/05 15:56:30","06/04 13:20:49","06/05 14:17:30"
2336200010,3002,811,"2020-06-05 16:02:34","2020-06-06 23:59:34","06/01 16:35:31","06/05 16:02:34","06/01 16:35:31","06/05 15:17:32"
2336210025,5260,1440,"2020-06-05 16:05:31","2020-06-06 23:59:34","06/03 10:26:55","06/05 16:05:31","06/03 10:26:55","06/05 13:56:29"
2336210034,774,1208,"2020-06-06 11:02:37","2020-06-06 23:59:34","06/01 16:35:31","06/06 11:02:37","06/01 16:35:31","06/05 09:50:30"
2337010010,4451,1050,"2020-06-05 16:17:31","2020-06-06 23:59:34","06/03 13:56:57","06/05 16:17:31","06/03 13:56:57","06/05 15:14:31"
2337010029,4258,1870,"2020-06-05 16:11:31","2020-06-06 23:59:34","06/01 16:35:31","06/05 16:11:31","06/01 16:35:31","06/04 15:41:34"
2337020016,6177,687,"2020-06-05 16:41:30","2020-06-06 23:59:34","06/01 16:35:31","06/05 16:41:30","06/01 16:35:31","06/02 16:08:55"
2337030012,4655,1142,"2020-06-05 16:14:31","2020-06-06 23:59:34","06/01 16:35:31","06/05 16:14:31","06/01 16:35:31","06/05 15:26:31"
2337040018,362,1710,"2020-06-05 16:35:32","2020-06-06 23:59:34","06/01 16:35:31","06/05 16:35:32","06/01 16:35:31","06/05 15:26:31"
2337050014,5031,650,"2020-06-05 15:47:31","2020-06-06 23:59:34","06/05 13:38:31","06/05 15:47:31","06/05 13:38:31","06/05 15:47:31"
2337060010,2610,970,"2020-06-05 16:23:31","2020-06-06 23:59:34","06/04 13:47:32","06/05 16:23:31","06/01 16:35:31","06/01 17:58:02"
2337070016,5952,1705,"2020-06-05 16:56:32","2020-06-06 23:59:34","06/01 16:35:31","06/05 16:56:32","06/01 16:35:31","06/04 16:02:36"
2337080012,3179,1019,"2020-06-05 16:29:29","2020-06-06 23:59:34","06/01 16:35:31","06/05 15:11:33","06/01 16:35:31","06/05 16:29:29"
2337090018,3527,1540,"2020-06-05 16:05:31","2020-06-06 23:59:34","06/04 13:50:31","06/05 16:05:31","06/01 16:35:31","06/02 14:38:56"
2337100019,2703,1230,"2020-06-05 16:53:29","2020-06-06 23:59:34","06/01 16:35:31","06/05 16:53:29","06/01 16:35:31","06/05 15:17:32"
2337110015,3249,1060,"2020-06-05 16:41:30","2020-06-06 23:59:34","06/01 16:35:31","06/05 16:41:30","06/01 16:35:31","06/04 14:02:33"
2337120020,1764,1295,"2020-06-05 15:44:31","2020-06-06 23:59:34","06/01 16:35:31","06/05 15:44:31","06/01 16:35:31","06/03 15:11:59"
2337130017,2520,1290,"2020-06-05 16:23:31","2020-06-06 23:59:34","06/01 16:35:31","06/05 16:23:31","06/01 16:35:31","06/05 15:44:31"
2337140013,2570,873,"2020-06-05 15:32:33","2020-06-06 23:59:34","06/01 16:35:31","06/05 15:32:33","06/01 16:35:31","06/04 15:26:32"
2337150019,3285,980,"2020-06-05 16:56:32","2020-06-06 23:59:34","06/01 16:35:31","06/05 16:56:32","06/01 16:35:31","06/05 15:53:31"
2337160015,3470,1170,"2020-06-05 15:53:31","2020-06-06 23:59:34","06/04 13:47:32","06/05 15:53:31","06/01 16:35:31","06/02 14:50:55"
2337170011,3591,1854,"2020-06-05 16:53:29","2020-06-06 23:59:34","06/04 17:11:32","06/05 16:53:29","06/04 14:05:32","06/04 14:08:32"
2337180017,2070,1100,"2020-06-05 16:41:30","2020-06-06 23:59:34","06/01 16:35:31","06/05 16:23:31","06/01 16:35:31","06/05 16:41:30"
2337190013,4708,1693,"2020-06-05 16:56:32","2020-06-06 23:59:34","06/01 16:35:31","06/05 16:56:32","06/01 16:35:31","06/05 16:53:29"
2337200014,2645,1146,"2020-06-05 16:44:29","2020-06-06 23:59:34","06/01 16:35:31","06/05 16:44:29","06/01 16:35:31","06/03 14:44:56"
2337210010,5049,1120,"2020-06-05 16:20:33","2020-06-06 23:59:34","06/01 16:35:31","06/05 16:20:33","06/01 16:35:31","06/05 14:26:32"
2337220016,2346,943,"2020-06-05 16:35:32","2020-06-06 23:59:34","06/01 16:35:31","06/05 16:35:32","06/01 16:35:31","06/01 17:58:02"
2337230012,4789,1206,"2020-06-05 16:17:31","2020-06-06 23:59:34","06/01 16:35:31","06/05 16:17:31","06/01 16:35:31","06/05 15:11:33"
2337240018,5175,684,"2020-06-05 16:23:31","2020-06-06 23:59:34","06/01 16:35:31","06/05 16:23:31","06/01 16:35:31","06/04 14:08:32"
2337250014,5343,1387,"2020-06-05 16:14:31","2020-06-06 23:59:34","06/01 16:35:31","06/05 16:14:31","06/01 16:35:31","06/05 16:05:31"
2337260010,3609,964,"2020-06-05 16:11:31","2020-06-06 23:59:34","06/01 16:35:31","06/05 16:11:31","06/01 16:35:31","06/05 15:08:38"
2338010014,1017,988,"2020-06-05 11:26:29","2020-06-06 23:59:34","06/01 16:35:31","06/05 11:26:29","06/03 09:35:55","06/05 11:26:29"
2338020010,2652,888,"2020-06-05 11:53:32","2020-06-06 23:59:34","06/01 16:35:31","06/05 11:53:32","06/01 16:35:31","06/04 11:05:58"
2338030016,1989,806,"2020-06-05 15:50:30","2020-06-06 23:59:34","06/04 09:23:56","06/05 15:35:35","06/01 16:35:31","06/05 15:50:30"
2338040012,4545,1434,"2020-06-05 15:59:29","2020-06-06 23:59:34","06/01 16:35:31","06/05 15:59:29","06/01 16:35:31","06/05 15:26:31"
2338050018,4277,479,"2020-06-05 16:14:31","2020-06-06 23:59:34","06/02 00:29:59","06/05 16:14:31","06/05 12:17:31","06/05 14:53:31"
2338060014,819,730,"2020-06-05 10:35:31","2020-06-06 23:59:34","06/01 16:35:31","06/05 10:35:31","06/01 16:35:31","06/05 09:41:30"
2338070010,3776,1318,"2020-06-05 15:59:29","2020-06-06 23:59:34","06/04 11:38:54","06/05 15:59:29","06/01 16:35:31","06/04 14:11:32"
2338080016,2250,210,"2020-06-05 14:35:32","2020-06-06 23:59:34","06/04 10:26:55","06/05 14:35:32","06/05 08:08:29","06/05 09:47:30"
2338090012,4320,1286,"2020-06-05 15:38:31","2020-06-06 23:59:34","06/01 16:35:31","06/05 15:38:31","06/01 16:35:31","06/05 15:08:38"
2338100013,4818,1135,"2020-06-05 15:56:30","2020-06-06 23:59:34","06/05 00:29:32","06/05 15:56:30","06/05 00:29:32","06/04 16:38:06"
2338110019,5097,1008,"2020-06-05 11:47:31","2020-06-06 23:59:34","06/01 16:35:31","06/05 11:47:31","06/01 16:35:31","06/05 10:41:31"
2338120015,2727,766,"2020-06-05 11:50:29","2020-06-06 23:59:34","06/04 08:59:50","06/05 11:50:29","06/05 09:23:29","06/05 10:05:32"
2338130011,5700,1173,"2020-06-05 14:59:29","2020-06-06 23:59:34","06/01 16:35:31","06/05 14:56:29","06/05 14:59:29","06/05 13:08:31"
2339040016,3657,950,"2020-06-05 15:56:30","2020-06-06 23:59:34","06/01 16:35:31","06/05 15:56:30","06/01 16:35:31","06/05 15:20:31"
2339050012,3466,1636,"2020-06-05 11:32:34","2020-06-06 23:59:34","06/01 16:35:31","06/05 11:32:34","06/01 16:35:31","06/05 10:11:32"
2339060018,3110,1587,"2020-06-05 10:56:29","2020-06-06 23:59:34","06/01 16:35:31","06/05 10:56:29","06/03 10:17:59","06/05 09:17:31"
2339070014,4474,1211,"2020-06-05 10:59:29","2020-06-06 23:59:34","06/01 16:35:31","06/05 10:59:29","06/01 16:35:31","06/05 09:11:30"
2339100017,4122,1120,"2020-06-05 15:14:31","2020-06-06 23:59:34","06/05 13:59:29","06/05 15:14:31","06/05 13:59:29","06/05 14:20:31"
2339110013,2192,740,"2020-06-05 15:32:33","2020-06-06 23:59:34","06/03 14:14:57","06/05 15:32:33","06/03 14:14:57","06/05 13:44:31"
2339120019,6322,640,"2020-06-05 11:26:29","2020-06-06 23:59:34","06/01 16:35:31","06/05 11:26:29","06/01 16:35:31","06/03 15:35:56"
2339130015,2207,1421,"2020-06-05 15:05:32","2020-06-06 23:59:34","06/01 16:35:31","06/05 15:05:32","06/03 10:29:56","06/05 14:38:31"
2339180015,1066,900,"2020-06-05 15:38:31","2020-06-06 23:59:34","06/01 16:35:31","06/05 15:38:31","06/01 16:35:31","06/05 15:38:31"
2339200012,5783,1042,"2020-06-05 16:56:32","2020-06-06 23:59:34","06/01 16:35:31","06/05 16:56:32","06/01 16:35:31","06/05 14:53:31"
2340010015,3871,1200,"2020-06-05 16:56:32","2020-06-06 23:59:34","06/01 16:35:31","06/05 16:56:32","06/03 11:20:53","06/05 15:41:34"
2340020011,1296,1012,"2020-06-05 16:38:32","2020-06-06 23:59:34","06/01 16:35:31","06/05 16:38:32","06/01 16:35:31","06/05 16:02:34"
2340030017,4618,560,"2020-06-05 16:44:29","2020-06-06 23:59:34","06/01 16:35:31","06/05 16:44:29","06/05 13:26:29","06/05 13:11:29"
2340040013,1800,790,"2020-06-05 16:56:32","2020-06-06 23:59:34","06/01 16:35:31","06/05 16:56:32","06/05 14:53:31","06/05 16:20:33"
2340050019,3141,670,"2020-06-05 15:02:33","2020-06-06 23:59:34","06/01 16:35:31","06/05 15:02:33","06/01 16:35:31","06/04 14:26:32"
2340060015,153,700,"2020-06-05 16:50:29","2020-06-06 23:59:34","06/02 14:08:57","06/05 16:50:29","06/05 13:38:31","06/05 16:50:29"
2340070011,1872,1140,"2020-06-05 16:47:30","2020-06-06 23:59:34","06/01 16:35:31","06/05 16:47:30","06/01 16:35:31","06/03 14:26:54"
2340080017,882,1380,"2020-06-05 16:20:33","2020-06-06 23:59:34","06/01 16:35:31","06/05 16:20:33","06/01 16:35:31","06/05 15:38:31"
2340090013,1584,1700,"2020-06-05 16:23:31","2020-06-06 23:59:34","06/01 16:35:31","06/05 16:23:31","06/01 16:35:31","06/05 14:02:33"
2340100014,1309,753,"2020-06-05 16:05:31","2020-06-06 23:59:34","06/01 16:35:31","06/05 16:05:31","06/05 13:08:31","06/04 16:53:31"
2340110010,5859,1480,"2020-06-05 15:38:31","2020-06-06 23:59:34","06/01 16:35:31","06/05 15:38:31","06/01 16:35:31","06/04 15:35:31"
2340120016,6440,1533,"2020-06-05 16:44:29","2020-06-06 23:59:34","06/05 13:14:29","06/05 16:44:29","06/05 13:14:29","06/05 16:08:32"
2340130012,4720,1113,"2020-06-05 16:11:31","2020-06-06 23:59:34","06/01 16:35:31","06/05 16:11:31","06/01 16:35:31","06/05 13:53:31"
2340140018,1350,382,"2020-06-05 16:20:33","2020-06-06 23:59:34","06/01 16:35:31","06/05 16:20:33","06/01 16:35:31","06/05 16:17:31"
2340150014,1432,535,"2020-06-05 16:47:30","2020-06-06 23:59:34","06/01 16:35:31","06/05 16:47:30","06/05 08:38:30","06/05 15:38:31"
2340160010,2994,1230,"2020-06-05 16:56:32","2020-06-06 23:59:34","06/01 16:35:31","06/05 16:56:32","06/03 13:56:57","06/04 16:08:32"
2340170016,6534,1824,"2020-06-05 16:26:31","2020-06-06 23:59:34","06/05 08:05:31","06/05 16:26:31","06/05 08:05:31","06/05 15:02:33"
2340180012,3187,302,"2020-06-05 16:56:32","2020-06-06 23:59:34","06/05 07:50:29","06/05 16:56:32","06/01 16:35:31","06/05 10:41:31"
2341010019,2843,1008,"2020-06-06 10:32:34","2020-06-06 23:59:34","06/04 11:35:55","06/06 10:32:34","06/06 09:17:31","06/05 11:41:31"
2341020015,4446,1630,"2020-06-05 13:50:29","2020-06-06 23:59:34","06/01 16:35:31","06/05 13:50:29","06/01 16:35:31","06/05 09:47:30"
2341030011,2823,983,"2020-06-05 14:29:29","2020-06-06 23:59:34","06/01 16:35:31","06/05 14:29:29","06/01 16:35:31","06/03 14:36:00"
2341040017,3920,1004,"2020-06-05 10:50:30","2020-06-06 23:59:34","06/01 16:35:31","06/05 10:50:30","06/01 16:35:31","06/05 08:38:30"
2341050013,1502,740,"2020-06-05 11:23:30","2020-06-06 23:59:34","06/01 16:35:31","06/05 11:23:30","06/01 16:35:31","06/05 10:20:29"
2341060019,1946,1148,"2020-06-05 10:53:30","2020-06-06 23:59:34","06/01 16:35:31","06/05 10:53:30","06/01 16:35:31","06/05 09:59:29"
2341070015,1531,509,"2020-06-06 11:08:38","2020-06-06 23:59:34","06/02 13:41:55","06/06 11:08:38","06/06 08:20:32","06/06 11:08:38"
2341080011,3422,193,"2020-06-05 11:38:32","2020-06-06 23:59:34","06/01 16:35:31","06/05 11:38:32","06/04 09:44:57","06/05 10:50:30"
2341090017,5253,829,"2020-06-05 09:59:29","2020-06-06 23:59:34","06/01 16:35:31","06/05 09:59:29","06/01 16:35:31","06/05 09:17:31"
2341100018,6139,647,"2020-06-05 15:26:31","2020-06-06 23:59:34","06/01 16:35:31","06/05 15:26:31","06/01 16:35:31","06/05 13:50:29"
2341110014,5695,595,"2020-06-06 09:35:32","2020-06-06 23:59:34","06/01 16:35:31","06/06 09:35:32","06/01 16:35:31","06/05 14:08:32"
2341120010,3513,1935,"2020-06-05 15:20:31","2020-06-06 23:59:34","06/01 16:35:31","06/05 15:20:31","06/01 16:35:31","06/04 15:17:31"
2341130016,851,874,"2020-06-05 11:11:33","2020-06-06 23:59:34","06/02 00:29:59","06/05 10:47:30","06/05 11:11:33","06/05 09:14:29"
2341140012,3845,1668,"2020-06-05 12:17:31","2020-06-06 23:59:34","06/01 16:35:31","06/05 12:14:30","06/03 08:56:55","06/05 12:17:31"
2341150018,6019,1410,"2020-06-05 11:05:31","2020-06-06 23:59:34","06/01 16:35:31","06/05 11:05:31","06/01 16:35:31","06/05 08:38:30"
2341160014,1775,549,"2020-06-05 10:02:34","2020-06-06 23:59:34","06/01 16:35:31","06/05 10:02:34","06/01 16:35:31","06/05 08:41:29"
2341170010,1467,1030,"2020-06-05 15:53:31","2020-06-06 23:59:34","06/01 16:35:31","06/05 15:53:31","06/01 16:35:31","06/05 15:53:31"
2341180016,2227,1239,"2020-06-05 15:38:31","2020-06-06 23:59:34","06/01 16:35:31","06/05 15:38:31","06/01 16:35:31","06/05 14:56:29"
2341190012,1339,1220,"2020-06-06 10:38:33","2020-06-06 23:59:34","06/01 16:35:31","06/06 10:38:33","06/01 16:35:31","06/05 09:08:31"
2341200013,495,550,"2020-06-05 15:26:31","2020-06-06 23:59:34","06/01 16:35:31","06/05 15:26:31","06/01 16:35:31","06/05 14:41:34"
2341210019,369,750,"2020-06-05 15:41:34","2020-06-06 23:59:34","06/01 16:35:31","06/05 15:41:34","06/05 07:41:29","06/05 15:17:32"
2341220015,363,1101,"2020-06-05 10:32:34","2020-06-06 23:59:34","06/01 16:35:31","06/05 10:32:34","06/01 16:35:31","06/05 09:29:29"
2341230011,3855,883,"2020-06-05 20:11:33","2020-06-06 23:59:34","06/04 08:59:50","06/05 20:11:33","06/01 16:35:31","06/05 09:50:30"
2341240017,5836,880,"2020-06-05 10:08:33","2020-06-06 23:59:34","06/01 16:35:31","06/05 10:08:33","06/05 09:02:35","06/05 09:59:29"
2341250013,2566,646,"2020-06-05 10:50:30","2020-06-06 23:59:34","06/01 16:35:31","06/05 10:50:30","06/01 16:35:31","06/05 10:05:32"
2341260019,1824,1458,"2020-06-05 11:08:32","2020-06-06 23:59:34","06/01 16:35:31","06/05 11:08:32","06/01 16:35:31","06/04 14:44:31"
2341270015,1809,900,"2020-06-05 10:44:31","2020-06-06 23:59:34","06/01 16:35:31","06/05 10:44:31","06/01 16:35:31","06/05 10:08:33"
2341280011,7785,595,"2020-06-05 15:56:30","2020-06-06 23:59:34","06/01 16:35:31","06/05 15:56:30","06/01 16:35:31","06/05 14:14:30"
2341290017,551,999,"2020-06-05 09:50:30","2020-06-06 23:59:34","06/01 16:35:31","06/05 09:50:30","06/01 16:35:31","06/05 09:08:31"
2341300018,3589,1062,"2020-06-06 10:53:38","2020-06-06 23:59:34","06/06 08:56:32","06/06 10:53:38","06/06 08:56:32","06/04 11:26:53"
2341310014,1800,1270,"2020-06-05 10:59:29","2020-06-06 23:59:34","06/01 16:35:31","06/05 10:59:29","06/01 16:35:31","06/05 10:47:30"
2342010013,2234,941,"2020-06-05 10:59:29","2020-06-06 23:59:34","06/04 08:50:51","06/05 10:59:29","06/03 08:59:57","06/05 10:23:29"
2342020019,2352,489,"2020-06-05 16:17:31","2020-06-06 23:59:34","06/01 16:35:31","06/05 16:17:31","06/01 16:35:31","06/05 16:17:31"
2342030015,5576,917,"2020-06-05 10:32:34","2020-06-06 23:59:34","06/05 08:53:29","06/05 10:32:34","06/05 08:53:29","06/05 10:29:29"
2342040011,4807,1221,"2020-06-05 15:14:31","2020-06-06 23:59:34","06/01 16:35:31","06/05 14:29:29","06/01 16:35:31","06/05 15:14:31"
2342050017,1899,1140,"2020-06-05 10:26:29","2020-06-06 23:59:34","06/01 16:35:31","06/05 10:26:29","06/01 16:35:31","06/01 17:58:02"
2342060013,3501,1420,"2020-06-05 11:56:31","2020-06-06 23:59:34","06/01 16:35:31","06/05 11:56:31","06/01 16:35:31","06/05 10:50:30"
2342070019,6108,844,"2020-06-05 11:23:30","2020-06-06 23:59:34","06/05 08:05:31","06/05 11:23:30","06/05 08:05:31","06/05 08:44:30"
2342080015,4338,350,"2020-06-05 10:59:29","2020-06-06 23:59:34","06/01 16:35:31","06/05 10:59:29","06/01 16:35:31","06/05 09:56:29"
2342100012,2700,1220,"2020-06-06 00:29:34","2020-06-06 23:59:34","06/06 00:29:34","06/05 08:17:06","06/06 00:29:34","06/05 08:17:06"
2342110018,1512,950,"2020-06-05 15:35:35","2020-06-06 23:59:34","06/01 16:35:31","06/05 15:35:35","06/01 16:35:31","06/04 14:26:32"
2342120014,1035,1390,"2020-06-05 10:20:29","2020-06-06 23:59:34","06/01 16:35:31","06/05 10:20:29","06/03 08:29:54","06/05 09:56:29"
2342130010,1955,1232,"2020-06-05 11:02:32","2020-06-06 23:59:34","06/01 16:35:31","06/05 11:02:32","06/03 07:59:54","06/05 11:02:32"
2342140016,2260,441,"2020-06-05 16:50:29","2020-06-06 23:59:34","06/05 08:05:31","06/05 16:50:29","06/05 09:02:35","06/05 16:50:29"
2342150012,3969,690,"2020-06-06 00:29:34","2020-06-06 23:59:34","06/06 00:29:34","06/05 16:05:13","06/06 00:29:34","06/05 16:05:13"
2342160018,4156,681,"2020-06-05 16:08:32","2020-06-06 23:59:34","06/01 16:35:31","06/05 16:08:32","06/01 16:35:31","06/05 15:50:30"
2342170014,3375,779,"2020-06-05 14:47:31","2020-06-06 23:59:34","06/01 16:35:31","06/05 14:47:31","06/01 16:35:31","06/05 13:59:29"
2342180010,2029,654,"2020-06-05 11:56:31","2020-06-06 23:59:34","06/04 08:08:54","06/05 11:56:31","06/01 16:35:31","06/05 11:23:30"
2342190016,1224,560,"2020-06-05 10:29:29","2020-06-06 23:59:34","06/01 16:35:31","06/05 10:29:29","06/01 16:35:31","06/05 09:44:30"
2342200017,1206,440,"2020-06-05 11:44:33","2020-06-06 23:59:34","06/01 16:35:31","06/05 11:44:33","06/05 08:26:30","06/05 11:14:30"
2342210013,2163,1119,"2020-06-05 11:35:33","2020-06-06 23:59:34","06/03 11:05:58","06/05 11:35:33","06/03 11:05:58","06/05 09:47:30"
2342220019,8896,2810,"2020-06-05 14:05:29","2020-06-06 23:59:34","06/05 14:05:29","06/04 14:41:34","06/05 14:05:29","06/01 16:54:15"
2342230015,612,930,"2020-06-05 11:05:31","2020-06-06 23:59:34","06/01 16:35:31","06/05 11:05:31","06/01 16:35:31","06/04 10:14:53"
2342240011,5121,1330,"2020-06-05 11:23:30","2020-06-06 23:59:34","06/04 14:50:31","06/05 11:23:30","06/04 14:50:31","06/05 09:05:32"
2342250017,6436,590,"2020-06-05 15:50:30","2020-06-06 23:59:34","06/05 08:38:30","06/05 15:50:30","06/05 08:38:30","06/05 14:29:29"
2342260013,5378,928,"2020-06-05 15:53:31","2020-06-06 23:59:34","06/01 16:35:31","06/05 15:53:31","06/01 16:35:31","06/05 09:53:32"
2342270019,7102,1383,"2020-06-05 11:59:32","2020-06-06 23:59:34","06/05 08:59:31","06/05 11:59:32","06/05 08:59:31","06/05 11:50:29"
2343010017,5598,440,"2020-06-05 16:50:29","2020-06-06 23:59:34","06/05 08:26:30","06/05 16:50:29","06/01 16:35:31","06/04 17:08:37"
2343020013,5481,370,"2020-06-05 15:38:31","2020-06-06 23:59:34","06/02 08:29:56","06/05 15:38:31","06/01 16:35:31","06/05 14:14:30"
2343030019,2259,490,"2020-06-05 16:53:29","2020-06-06 23:59:34","06/01 16:35:31","06/05 16:53:29","06/01 16:35:31","06/05 16:14:31"
2343040015,2907,1060,"2020-06-06 00:29:34","2020-06-06 23:59:34","06/06 00:29:34","06/05 15:56:06","06/06 00:29:34","06/05 15:56:06"
2343050011,1746,510,"2020-06-05 16:29:29","2020-06-06 23:59:34","06/01 16:35:31","06/05 16:29:29","06/05 07:41:29","06/05 11:50:29"
2343060017,3214,944,"2020-06-05 15:56:30","2020-06-06 23:59:34","06/05 07:50:29","06/05 15:56:30","06/01 16:35:31","06/05 09:08:31"
2343070013,4749,494,"2020-06-05 15:02:33","2020-06-06 23:59:34","06/01 16:35:31","06/05 15:02:33","06/05 08:02:32","06/05 08:23:33"
2343080019,559,2030,"2020-06-05 15:53:31","2020-06-06 23:59:34","06/01 16:35:31","06/05 15:53:31","06/04 08:02:58","06/04 09:59:51"
2343090015,4986,740,"2020-06-05 11:14:30","2020-06-06 23:59:34","06/04 08:26:56","06/05 11:11:33","06/01 16:35:31","06/05 11:14:30"
2343100016,3285,650,"2020-06-05 15:50:30","2020-06-06 23:59:34","06/05 08:11:29","06/05 15:50:30","06/01 16:35:31","06/05 08:50:29"
2343110012,3625,519,"2020-06-05 16:29:29","2020-06-06 23:59:34","06/04 08:05:56","06/05 16:29:29","06/04 08:05:56","06/05 10:17:29"
2343120018,4588,563,"2020-06-05 15:23:31","2020-06-06 23:59:34","06/01 16:35:31","06/05 15:23:31","06/01 16:35:31","06/05 10:47:30"
2343130014,5328,150,"2020-06-05 16:47:30","2020-06-06 23:59:34","06/05 07:41:29","06/05 16:47:30","06/05 07:41:29","06/05 11:17:30"
2343140010,4995,1012,"2020-06-05 11:47:31","2020-06-06 23:59:34","06/05 07:59:30","06/05 11:47:31","06/01 16:35:31","06/05 09:44:30"
2343150016,4242,830,"2020-06-05 16:23:31","2020-06-06 23:59:34","06/01 16:35:31","06/05 16:20:33","06/05 08:02:32","06/05 16:23:31"
2343160012,1899,940,"2020-06-05 14:50:30","2020-06-06 23:59:34","06/01 16:35:31","06/05 14:50:30","06/01 16:35:31","06/03 10:20:51"
2343170018,879,1347,"2020-06-05 16:11:31","2020-06-06 23:59:34","06/01 16:35:31","06/05 16:11:31","06/03 08:02:55","06/05 10:47:30"
2343180014,1827,410,"2020-06-05 16:23:31","2020-06-06 23:59:34","06/04 08:02:58","06/05 16:23:31","06/05 08:05:31","06/05 16:20:33"
2343190010,3906,807,"2020-06-05 15:29:31","2020-06-06 23:59:34","06/01 16:35:31","06/05 15:29:31","06/05 08:02:32","06/04 09:38:57"
2343200011,498,1690,"2020-06-05 15:41:34","2020-06-06 23:59:34","06/01 16:35:31","06/05 15:41:34","06/03 08:02:55","06/05 10:41:31"
2343210017,2214,634,"2020-06-06 11:17:33","2020-06-06 23:59:34","06/01 16:35:31","06/06 11:17:33","06/06 08:08:32","06/05 15:05:32"
2343220013,3240,654,"2020-06-05 16:14:31","2020-06-06 23:59:34","06/05 08:08:29","06/05 16:14:31","06/05 08:08:29","06/05 10:29:29"
2343230019,3304,490,"2020-06-05 15:56:30","2020-06-06 23:59:34","06/05 11:02:32","06/05 15:56:30","06/05 08:05:31","06/05 15:56:30"
2343240015,3771,510,"2020-06-05 15:14:31","2020-06-06 23:59:34","06/05 14:08:32","06/05 15:14:31","06/04 18:05:32","06/05 14:08:32"
2343250011,1466,1276,"2020-06-05 12:02:34","2020-06-06 23:59:34","06/01 16:35:31","06/05 12:02:34","06/01 16:35:31","06/05 10:26:29"
2343260017,2529,1050,"2020-06-05 16:50:29","2020-06-06 23:59:34","06/01 16:35:31","06/05 16:50:29","06/01 16:35:31","06/05 15:02:33"
2343270013,2676,981,"2020-06-05 15:20:31","2020-06-06 23:59:34","06/01 16:35:31","06/05 15:20:31","06/01 16:35:31","06/05 11:05:31"
2343280019,2464,776,"2020-06-05 15:23:31","2020-06-06 23:59:34","06/04 08:41:57","06/05 15:23:31","06/04 08:41:57","06/05 10:50:30"
2343290015,2696,1140,"2020-06-05 15:20:31","2020-06-06 23:59:34","06/01 16:35:31","06/05 15:20:31","06/05 09:35:30","06/05 10:17:29"
2343300016,1595,1530,"2020-06-05 17:11:32","2020-06-06 23:59:34","06/05 08:29:30","06/05 17:11:32","06/05 08:29:30","06/05 15:23:31"
2343310012,2868,1350,"2020-06-05 15:14:31","2020-06-06 23:59:34","06/02 08:35:55","06/05 15:05:32","06/04 08:29:54","06/05 15:14:31"
2343320018,2473,586,"2020-06-06 09:26:34","2020-06-06 23:59:34","06/04 11:29:57","06/06 09:26:34","06/04 11:29:57","06/04 16:47:32"
2343330014,3654,620,"2020-06-05 20:38:33","2020-06-06 23:59:34","06/05 08:53:29","06/05 20:38:33","06/03 09:05:54","06/05 15:02:33"
2344010011,2034,420,"2020-06-05 16:29:29","2020-06-06 23:59:34","06/04 08:11:55","06/05 16:29:29","06/01 16:35:31","06/04 16:50:30"
2344011027,1333,1181,"2020-06-05 16:11:31","2020-06-06 23:59:34","06/01 16:35:31","06/05 16:11:31","06/04 07:53:50","06/05 15:56:30"
2344011036,413,674,"2020-06-06 09:38:34","2020-06-06 23:59:34","06/01 16:35:31","06/06 09:38:34","06/05 07:59:30","06/05 14:29:29"
2344020017,1642,1219,"2020-06-05 15:44:31","2020-06-06 23:59:34","06/01 16:35:31","06/05 15:44:31","06/01 16:35:31","06/05 15:41:34"
2344030013,405,750,"2020-06-05 11:20:32","2020-06-06 23:59:34","06/01 16:35:31","06/05 10:50:30","06/01 16:35:31","06/05 11:20:32"
2344030022,4136,1845,"2020-06-05 16:17:31","2020-06-06 23:59:34","06/01 16:35:31","06/05 16:17:31","06/01 16:35:31","06/05 10:20:29"
2344030031,3219,847,"2020-06-05 19:56:29","2020-06-06 23:59:34","06/01 16:35:31","06/05 19:56:29","06/01 16:35:31","06/05 16:08:32"
2344040019,5531,509,"2020-06-05 15:59:29","2020-06-06 23:59:34","06/01 16:35:31","06/05 15:59:29","06/01 16:35:31","06/05 10:44:31"
2344050015,3426,898,"2020-06-06 16:50:29","2020-06-06 23:59:34","06/01 16:35:31","06/06 16:50:29","06/01 16:35:31","06/06 08:38:35"
2344050024,6707,954,"2020-06-06 14:47:29","2020-06-06 23:59:34","06/01 16:35:31","06/06 14:47:29","06/01 16:35:31","06/05 11:53:32"
2344060011,5447,772,"2020-06-06 15:29:31","2020-06-06 23:59:34","06/06 08:59:34","06/06 15:29:31","06/06 08:59:34","06/06 10:29:34"
2345010015,3403,211,"2020-06-05 11:29:29","2020-06-06 23:59:34","06/05 08:17:29","06/05 11:29:29","06/05 08:17:29","06/05 10:41:31"
2345020011,5320,905,"2020-06-05 10:44:31","2020-06-06 23:59:34","06/05 08:17:29","06/05 10:44:31","06/05 08:17:29","06/05 10:44:31"
2345030017,2952,500,"2020-06-05 13:29:29","2020-06-06 23:59:34","06/05 13:29:29","06/05 10:59:29","06/05 13:29:29","06/05 09:26:30"
2345040013,4446,1490,"2020-06-05 10:59:29","2020-06-06 23:59:34","06/01 16:35:31","06/05 10:59:29","06/03 10:41:54","06/05 09:47:30"
2345050019,3468,278,"2020-06-05 10:14:29","2020-06-06 23:59:34","06/05 08:35:31","06/05 10:14:29","06/05 08:35:31","06/05 10:14:29"
2345060015,4889,1450,"2020-06-05 11:32:34","2020-06-06 23:59:34","06/01 16:35:31","06/05 11:32:34","06/03 08:14:50","06/05 09:14:29"
2345070011,1628,666,"2020-06-06 00:29:34","2020-06-06 23:59:34","06/06 00:29:34","06/05 09:11:06","06/06 00:29:34","06/05 09:11:06"
2345090013,2174,1412,"2020-06-05 11:05:31","2020-06-06 23:59:34","06/01 16:35:31","06/05 11:05:31","06/05 08:11:29","06/05 10:38:31"
2345100014,5088,1311,"2020-06-05 11:17:30","2020-06-06 23:59:34","06/05 08:14:29","06/05 11:17:30","06/03 08:08:53","06/05 09:47:30"
2345110010,2245,656,"2020-06-05 13:47:29","2020-06-06 23:59:34","06/01 16:35:31","06/05 13:47:29","06/05 08:08:29","06/05 10:59:29"
2345120016,4014,1410,"2020-06-05 15:17:32","2020-06-06 23:59:34","06/04 12:47:55","06/05 15:17:32","06/03 12:29:50","06/05 14:56:29"
2345130012,3963,640,"2020-06-05 11:44:33","2020-06-06 23:59:34","06/01 16:35:31","06/05 11:44:33","06/05 08:14:29","06/05 09:35:30"
2346010019,2385,800,"2020-06-05 13:41:31","2020-06-06 23:59:34","06/05 08:23:33","06/05 13:41:31","06/01 16:35:31","06/05 13:41:31"
2346020015,1404,410,"2020-06-05 14:47:31","2020-06-06 23:59:34","06/01 16:35:31","06/05 14:47:31","06/01 16:35:31","06/05 10:23:29"
2346030011,1611,930,"2020-06-05 16:29:29","2020-06-06 23:59:34","06/01 16:35:31","06/05 16:29:29","06/01 16:35:31","06/05 16:11:31"
2346040017,3501,1400,"2020-06-05 15:53:31","2020-06-06 23:59:34","06/05 08:32:34","06/05 15:53:31","06/05 08:32:34","06/05 14:32:34"
2346050013,4039,283,"2020-06-05 15:35:35","2020-06-06 23:59:34","06/05 08:26:30","06/05 15:35:35","06/05 08:26:30","06/05 15:35:35"
2346060019,2256,269,"2020-06-05 15:50:30","2020-06-06 23:59:34","06/04 09:11:56","06/05 15:50:30","06/05 08:44:30","06/05 15:44:31"
2346070015,922,1092,"2020-06-06 10:32:34","2020-06-06 23:59:34","06/01 16:35:31","06/06 10:32:34","06/03 08:11:52","06/06 10:29:34"
2346080011,1350,1300,"2020-06-05 15:41:34","2020-06-06 23:59:34","06/01 16:35:31","06/05 15:41:34","06/01 16:35:31","06/05 14:23:30"
2346090017,2870,1204,"2020-06-05 15:56:30","2020-06-06 23:59:34","06/01 16:35:31","06/05 15:56:30","06/01 16:35:31","06/05 11:11:33"
2346100018,6219,230,"2020-06-06 11:50:32","2020-06-06 23:59:34","06/06 07:59:32","06/06 11:50:32","06/01 16:35:31","06/06 08:11:31"
2346110014,2886,1020,"2020-06-05 15:56:30","2020-06-06 23:59:34","06/05 07:56:29","06/05 15:56:30","06/05 07:56:29","06/05 10:14:29"
2346120010,2002,1162,"2020-06-05 16:20:33","2020-06-06 23:59:34","06/01 16:35:31","06/05 16:20:33","06/05 08:05:31","06/05 14:50:30"
2346130016,3561,703,"2020-06-06 00:29:34","2020-06-06 23:59:34","06/06 00:29:34","06/05 07:56:06","06/06 00:29:34","06/05 07:56:06"
2346140012,3955,567,"2020-06-05 16:41:30","2020-06-06 23:59:34","06/01 16:35:31","06/05 16:41:30","06/05 08:17:29","06/05 09:17:31"
2346150018,1496,180,"2020-06-05 16:08:32","2020-06-06 23:59:34","06/05 08:29:30","06/05 16:08:32","06/05 08:50:29","06/05 14:11:31"
2346160014,5209,698,"2020-06-05 17:29:29","2020-06-06 23:59:34","06/04 12:35:53","06/05 17:29:29","06/04 12:35:53","06/05 11:08:32"
2390010010,2468,1497,"2020-06-05 15:29:31","2020-06-06 23:59:34","06/01 16:35:31","06/05 15:23:31","06/03 08:08:53","06/05 15:29:31"
2390020016,3056,2021,"2020-06-05 16:35:32","2020-06-06 23:59:34","06/01 16:35:31","06/05 16:35:32","06/03 13:11:56","06/05 15:56:30"
2390030030,3801,1095,"2020-06-05 15:08:38","2020-06-06 23:59:34","06/04 13:43:35","06/05 14:44:30","06/01 16:35:31","06/05 15:08:38"
2390040518,2412,1390,"2020-06-05 16:44:29","2020-06-06 23:59:34","06/01 16:35:31","06/05 16:44:29","06/05 08:53:29","06/05 16:05:31"
2390050032,2808,1467,"2020-06-05 14:56:29","2020-06-06 23:59:34","06/05 08:20:29","06/05 14:56:29","06/05 08:20:29","06/05 14:29:29"
2391020010,1897,1185,"2020-06-06 23:02:35","2020-06-06 23:59:34","06/06 23:02:35","06/06 09:23:34","06/01 16:35:31","06/05 08:29:30"
2391030016,7309,1387,"2020-06-06 09:11:32","2020-06-06 23:59:34","06/01 16:35:31","06/06 09:11:32","06/01 16:35:31","06/04 10:08:53"
2391030026,7999,1371,"2020-06-06 10:11:39","2020-06-06 23:59:34","06/03 15:44:54","06/06 10:11:39","06/03 15:44:54","06/06 10:08:53"
2391040012,1831,481,"2020-06-06 11:35:32","2020-06-06 23:59:34","06/01 16:35:31","06/06 11:35:32","06/01 16:35:31","06/06 11:35:32"
5934010013,1773,530,"2020-06-06 11:53:32","2020-06-06 23:59:34","06/01 16:35:31","06/06 11:53:32","06/01 16:35:31","06/06 11:05:33"
5934010022,2592,50,"2020-06-06 16:11:30","2020-06-06 23:59:34","06/06 08:23:36","06/06 16:11:30","06/01 16:35:31","06/06 12:29:29"
5934010068,3636,600,"2020-06-06 21:08:36","2020-06-06 23:59:34","06/06 08:38:35","06/06 21:08:36","06/01 16:35:31","06/06 21:08:36"
5934010077,492,554,"2020-06-06 19:50:29","2020-06-06 23:59:34","06/01 16:35:31","06/06 19:50:29","06/01 16:35:31","06/06 13:23:29"
5934010086,4673,169,"2020-06-06 18:35:29","2020-06-06 23:59:34","06/06 07:47:33","06/06 18:35:29","06/01 16:35:31","06/06 16:50:29"
5934010193,3263,1086,"2020-06-06 20:29:31","2020-06-06 23:59:34","06/04 13:20:49","06/06 20:29:31","06/06 08:56:32","06/06 20:08:35"
5934010200,1107,620,"2020-06-06 20:53:31","2020-06-06 23:59:34","06/02 13:38:56","06/06 20:53:31","06/06 12:11:29","06/06 20:44:31"
5934010228,4626,132,"2020-06-06 20:47:33","2020-06-06 23:59:34","06/05 08:50:29","06/06 20:47:33","06/01 16:35:31","06/06 12:35:29"
5934010282,2255,436,"2020-06-06 20:05:35","2020-06-06 23:59:34","06/01 16:35:31","06/06 20:05:35","06/01 16:35:31","06/06 10:44:38"
5934011403,3457,233,"2020-06-06 21:29:33","2020-06-06 23:59:34","06/06 13:41:29","06/06 21:29:33","06/06 13:41:29","06/06 20:11:31"
5934011510,3401,700,"2020-06-06 21:29:33","2020-06-06 23:59:34","06/03 10:20:51","06/06 21:20:33","06/06 12:11:29","06/06 21:29:33"
5934011529,5529,577,"2020-06-06 17:26:29","2020-06-06 23:59:34","06/06 08:08:32","06/06 17:26:29","06/01 16:35:31","06/06 10:44:38"
5934011538,0,470,"2020-06-06 20:20:32","2020-06-06 23:59:34","06/06 07:38:35","06/06 08:02:34","06/06 07:38:35","06/06 20:20:32"
5934011565,4509,420,"2020-06-06 11:53:32","2020-06-06 23:59:34","06/05 12:05:32","06/06 11:53:32","06/06 07:32:33","06/06 09:05:31"
5934011770,8,1548,"2020-06-06 10:02:46","2020-06-06 23:59:34","06/05 07:53:29","06/06 08:53:32","06/05 07:53:29","06/06 10:02:46"
5934011850,4338,100,"2020-06-06 16:20:29","2020-06-06 23:59:34","06/05 08:23:33","06/06 16:08:29","06/06 09:02:36","06/06 16:20:29"
5934011985,5433,525,"2020-06-06 20:56:32","2020-06-06 23:59:34","06/06 07:56:32","06/06 20:56:32","06/06 07:56:32","06/06 14:17:29"
5934012008,3402,460,"2020-06-06 17:08:29","2020-06-06 23:59:34","06/06 08:05:33","06/06 17:08:29","06/03 08:02:55","06/06 16:08:29"
5934012017,1870,8,"2020-06-06 21:38:34","2020-06-06 23:59:34","06/06 09:05:31","06/06 21:38:34","06/06 09:05:31","06/06 19:50:29"
5934012026,0,0,"2020-06-06 10:56:06","2020-06-06 10:56:06","06/06 00:29:34","06/06 10:56:06","06/06 00:29:34","06/06 10:56:06"
5934012044,4041,176,"2020-06-06 17:56:29","2020-06-06 23:59:34","06/05 07:50:29","06/06 17:56:29","06/01 16:35:31","06/06 15:50:29"
5934012062,2148,0,"2020-06-06 19:29:29","2020-06-06 23:59:34","06/06 08:08:32","06/06 19:29:29","06/05 08:05:31","06/05 10:59:29"
5934012133,3825,410,"2020-06-06 11:56:32","2020-06-06 23:59:34","06/06 08:26:34","06/06 11:56:32","06/01 16:35:31","06/06 09:02:36"
5934012160,1667,46,"2020-06-05 19:35:30","2020-06-06 23:59:34","06/01 16:35:31","06/05 19:35:30","06/01 16:35:31","06/05 19:32:33"
5934012179,3753,655,"2020-06-06 20:59:32","2020-06-06 23:59:34","06/06 08:47:36","06/06 20:59:32","06/06 08:47:36","06/06 18:29:29"
5934012197,2806,1463,"2020-06-06 20:29:31","2020-06-06 23:59:34","06/01 16:35:31","06/06 20:29:31","06/01 16:35:31","06/06 10:56:33"
5934012204,4010,1521,"2020-06-06 17:32:31","2020-06-06 23:59:34","06/06 08:08:32","06/06 17:32:31","06/06 08:08:32","06/06 16:32:32"
5934012222,558,599,"2020-06-06 11:50:32","2020-06-06 23:59:34","06/01 16:35:31","06/06 11:50:32","06/01 16:35:31","06/06 09:35:32"
5934012240,3105,0,"2020-06-06 20:53:31","2020-06-06 23:59:34","06/06 08:41:34","06/06 20:53:31","06/01 17:58:02","06/06 09:20:35"
5934012286,1476,0,"2020-06-06 20:38:34","2020-06-06 23:59:34","06/06 07:59:32","06/06 20:38:34","06/06 07:59:32","06/06 17:08:29"
5934012320,101,440,"2020-06-06 11:41:33","2020-06-06 23:59:34","06/03 07:53:55","06/06 11:38:34","06/01 16:35:31","06/06 11:41:33"
5934012339,5561,1338,"2020-06-06 19:14:29","2020-06-06 23:59:34","06/01 18:56:38","06/06 19:14:29","06/04 19:02:34","06/06 18:05:30"
5934012348,1758,1218,"2020-06-06 11:26:34","2020-06-06 23:59:34","06/06 07:32:33","06/06 11:26:34","06/03 07:42:15","06/05 08:38:30"
5934012357,2331,560,"2020-06-06 16:26:29","2020-06-06 23:59:34","06/01 16:35:31","06/06 16:26:29","06/06 08:29:33","06/06 15:47:29"
5934012366,4003,290,"2020-06-06 20:53:31","2020-06-06 23:59:34","06/06 14:50:29","06/06 20:53:31","06/06 14:50:29","06/06 20:47:33"
5934012375,3816,410,"2020-06-06 21:26:36","2020-06-06 23:59:34","06/06 14:02:32","06/06 21:26:36","06/06 14:02:32","06/06 20:35:32"
5934012393,908,790,"2020-06-06 19:08:33","2020-06-06 23:59:34","06/01 16:35:31","06/06 19:08:33","06/01 16:35:31","06/06 18:02:31"
5934020019,2547,20,"2020-06-06 21:05:34","2020-06-06 23:59:34","06/06 07:23:32","06/06 21:05:34","06/06 07:23:32","06/06 19:50:29"
5934020064,5184,350,"2020-06-06 20:47:33","2020-06-06 23:59:34","06/06 09:47:32","06/06 20:47:33","06/06 09:47:32","06/06 18:47:29"
5934020073,6291,260,"2020-06-06 19:47:29","2020-06-06 23:59:34","06/06 08:47:36","06/06 19:47:29","06/06 08:47:36","06/06 19:35:30"
5934020153,3519,1030,"2020-06-06 21:05:34","2020-06-06 23:59:34","06/06 13:59:31","06/06 21:05:34","06/03 09:26:55","06/06 18:20:29"
5934020224,4617,260,"2020-06-06 11:59:35","2020-06-06 23:59:34","06/05 08:08:29","06/06 11:59:35","06/01 16:35:31","06/06 11:02:37"
5934020251,3266,214,"2020-06-06 20:11:31","2020-06-06 23:59:34","06/06 07:29:34","06/06 20:11:31","06/01 16:35:31","06/06 16:02:33"
5934020279,2934,40,"2020-06-06 17:26:29","2020-06-06 23:59:34","06/06 08:02:34","06/06 17:26:29","06/06 08:02:34","06/06 11:44:36"
5934020288,3683,530,"2020-06-06 17:29:32","2020-06-06 23:59:34","06/06 08:02:34","06/06 17:29:32","06/01 16:35:31","06/06 09:35:32"
5934021374,0,0,"2020-06-06 12:14:06","2020-06-06 12:14:06","06/06 07:53:32","06/06 12:14:06","06/06 07:53:32","06/06 12:14:06"
5934021383,3501,1080,"2020-06-06 16:41:29","2020-06-06 23:59:34","06/06 07:41:32","06/06 16:41:29","06/01 16:35:31","06/06 10:32:34"
5934021418,1037,48,"2020-06-06 16:59:29","2020-06-06 23:59:34","06/03 08:08:53","06/06 16:59:29","06/06 08:14:32","06/06 16:53:29"
5934021481,1548,148,"2020-06-05 18:47:29","2020-06-06 23:59:34","06/01 16:35:31","06/05 18:47:29","06/05 07:59:30","06/05 18:38:33"
5934021490,716,352,"2020-06-06 19:32:35","2020-06-06 23:59:34","06/06 07:02:34","06/06 19:32:35","06/06 07:02:34","06/06 10:56:33"
5934021516,3546,1595,"2020-06-06 11:11:32","2020-06-06 23:59:34","06/06 07:44:33","06/06 11:11:32","06/03 07:50:59","06/06 08:47:36"
5934021525,2876,1155,"2020-06-06 12:17:29","2020-06-06 23:59:34","06/02 09:20:55","06/06 12:17:29","06/06 08:56:32","06/06 12:17:29"
5934021543,1746,876,"2020-06-06 11:47:36","2020-06-06 23:59:34","06/01 16:35:31","06/06 11:47:36","06/03 08:44:55","06/06 11:14:33"
5934021552,6286,0,"2020-06-06 20:20:32","2020-06-06 23:59:34","06/06 08:47:36","06/06 20:20:32","06/06 08:47:36","06/06 20:20:32"
5934021561,2106,771,"2020-06-03 20:53:56","2020-06-06 23:59:34","06/01 16:35:31","06/03 19:23:56","06/01 16:35:31","06/03 20:53:56"
5934021598,1606,862,"2020-06-06 16:56:31","2020-06-06 23:59:34","06/01 16:35:31","06/06 16:56:31","06/01 16:35:31","06/06 11:44:36"
5934021632,559,236,"2020-06-06 22:08:38","2020-06-06 23:59:34","06/01 16:35:31","06/06 22:08:38","06/06 13:17:32","06/06 20:32:37"
5934021641,1737,276,"2020-06-06 15:47:29","2020-06-06 23:59:34","06/05 07:47:29","06/06 15:47:29","06/04 09:53:50","06/06 10:29:34"
5934021776,1791,830,"2020-06-06 20:14:31","2020-06-06 23:59:34","06/06 09:20:35","06/06 20:14:31","06/03 12:59:55","06/06 20:11:31"
5934021794,1592,519,"2020-06-06 15:44:29","2020-06-06 23:59:34","06/01 16:35:31","06/06 15:44:29","06/01 16:35:31","06/06 09:17:31"
5934021801,3295,984,"2020-06-06 20:29:31","2020-06-06 23:59:34","06/06 08:11:31","06/06 20:29:31","06/03 08:02:55","06/06 18:53:29"
5934021856,0,0,"2020-06-06 08:47:06","2020-06-06 08:47:06","06/05 00:29:32","06/06 08:47:06","06/05 00:29:32","06/06 08:47:06"
5934021883,3029,440,"2020-06-06 20:47:33","2020-06-06 23:59:34","06/06 07:20:34","06/06 20:47:33","06/06 07:20:34","06/06 17:05:29"
5934021927,4939,258,"2020-06-06 17:14:29","2020-06-06 23:59:34","06/06 07:44:33","06/06 17:14:29","06/01 16:35:31","06/06 17:14:29"
5934021954,4185,77,"2020-06-06 11:50:32","2020-06-06 23:59:34","06/06 08:05:33","06/06 11:50:32","06/06 08:05:33","06/06 10:53:38"
5934021972,4723,442,"2020-06-06 17:35:30","2020-06-06 23:59:34","06/05 09:17:31","06/06 17:35:30","06/06 09:14:32","06/06 10:53:38"
5934021981,4797,529,"2020-06-06 19:53:29","2020-06-06 23:59:34","06/05 09:08:31","06/06 19:53:29","06/06 09:08:34","06/06 15:11:29"
5934021990,4558,19,"2020-06-06 12:53:29","2020-06-06 23:59:34","06/06 07:05:32","06/06 12:53:29","06/06 07:05:32","06/06 12:41:29"
5934022013,3519,590,"2020-06-06 12:11:29","2020-06-06 23:59:34","06/04 08:02:58","06/06 12:11:29","06/06 08:02:34","06/06 12:11:29"
5934022022,6807,656,"2020-06-06 17:32:31","2020-06-06 23:59:34","06/01 16:35:31","06/06 17:32:31","06/01 16:35:31","06/05 18:29:29"
5934022031,4403,940,"2020-06-06 20:50:31","2020-06-06 23:59:34","06/05 08:17:29","06/06 20:50:31","06/01 16:35:31","06/06 17:59:29"
5934022040,4077,0,"2020-06-06 19:56:29","2020-06-06 23:59:34","06/06 10:14:35","06/06 19:56:29","06/06 10:14:35","06/06 10:17:34"
5934022059,1845,930,"2020-06-06 11:14:33","2020-06-06 23:59:34","06/01 16:35:31","06/06 10:47:40","06/06 08:23:36","06/06 11:14:33"
5934022068,2217,2026,"2020-06-05 16:41:30","2020-06-06 23:59:34","06/01 16:35:31","06/05 16:41:30","06/01 16:35:31","06/04 15:56:32"
5934022086,5213,1129,"2020-06-06 20:23:34","2020-06-06 23:59:34","06/01 16:35:31","06/06 16:47:29","06/01 16:35:31","06/06 20:23:34"
5934022095,252,710,"2020-06-06 18:50:29","2020-06-06 23:59:34","06/04 12:47:55","06/06 17:41:29","06/06 11:08:38","06/06 18:50:29"
5934030015,2979,590,"2020-06-06 21:32:36","2020-06-06 23:59:34","06/06 07:08:34","06/06 21:32:36","06/06 07:08:34","06/06 15:32:29"
5934030033,2853,1220,"2020-06-06 10:08:53","2020-06-06 23:59:34","06/06 07:23:32","06/06 10:08:53","06/03 07:17:51","06/06 09:29:31"
5934030051,1703,328,"2020-06-06 21:32:36","2020-06-06 23:59:34","06/06 17:44:29","06/06 21:32:36","06/06 17:44:29","06/06 10:47:40"
5934031110,1603,1630,"2020-06-06 10:23:34","2020-06-06 23:59:34","06/01 16:35:31","06/06 10:23:34","06/01 16:35:31","06/06 09:29:31"
5934031138,3993,284,"2020-06-06 17:29:32","2020-06-06 23:59:34","06/06 08:26:34","06/06 17:29:32","06/01 16:35:31","06/06 10:05:46"
5934031165,2349,485,"2020-06-06 15:38:31","2020-06-06 23:59:34","06/01 16:35:31","06/06 15:38:31","06/01 16:35:31","06/05 17:23:31"
5934031209,5267,764,"2020-06-06 10:26:33","2020-06-06 23:59:34","06/06 07:56:32","06/06 10:26:33","06/01 16:35:31","06/06 09:56:45"
5934031218,4301,124,"2020-06-06 15:11:29","2020-06-06 23:59:34","06/05 07:53:29","06/06 14:14:29","06/06 08:02:34","06/06 15:11:29"
5934031245,1440,3170,"2020-06-06 17:47:29","2020-06-06 23:59:34","06/02 11:56:55","06/06 17:47:29","06/06 08:02:34","06/06 11:32:34"
5934031254,1665,540,"2020-06-06 19:29:29","2020-06-06 23:59:34","06/05 10:11:32","06/06 19:29:29","06/06 15:11:29","06/06 14:20:29"
5934040039,810,428,"2020-06-06 11:35:32","2020-06-06 23:59:34","06/04 07:56:51","06/06 11:35:32","06/06 09:08:34","06/06 11:35:32"
5934040093,5779,122,"2020-06-06 10:32:34","2020-06-06 23:59:34","06/06 07:26:32","06/06 10:32:34","06/06 07:26:32","06/06 10:32:34"
5934041125,1539,664,"2020-06-06 10:56:33","2020-06-06 23:59:34","06/03 09:14:54","06/06 10:56:33","06/06 08:08:32","06/06 09:26:34"
5934041143,901,190,"2020-06-06 20:50:31","2020-06-06 23:59:34","06/06 07:56:32","06/06 20:50:31","06/06 07:56:32","06/06 20:41:30"
5934041161,1407,927,"2020-06-06 12:08:31","2020-06-06 23:59:34","06/01 16:35:31","06/06 12:08:31","06/01 16:35:31","06/06 12:08:31"
5934041170,4594,1030,"2020-06-06 10:23:34","2020-06-06 23:59:34","06/05 07:32:33","06/06 10:20:33","06/01 16:35:31","06/06 10:23:34"
5934041205,0,0,"2020-06-06 10:23:06","2020-06-06 10:23:06","06/06 00:29:34","06/06 10:23:06","06/06 09:14:32","06/06 10:23:06"
5934050080,1692,130,"2020-06-06 21:53:35","2020-06-06 23:59:34","06/06 08:02:34","06/06 21:53:35","06/06 08:02:34","06/06 21:41:35"
5934051149,4585,380,"2020-06-06 17:08:29","2020-06-06 23:59:34","06/05 08:05:31","06/06 17:08:29","06/06 08:08:32","06/06 11:08:38"
5934051167,2159,677,"2020-06-06 11:14:33","2020-06-06 23:59:34","06/01 16:35:31","06/06 11:14:33","06/06 08:02:34","06/06 10:47:40"
5934051229,1762,979,"2020-06-06 16:44:31","2020-06-06 23:59:34","06/06 07:44:33","06/06 16:44:31","06/06 07:44:33","06/06 13:44:29"
5934051247,6516,820,"2020-06-06 11:29:31","2020-06-06 23:59:34","06/05 07:50:29","06/06 11:29:31","06/05 07:50:29","06/06 08:56:32"
5934051265,2277,890,"2020-06-06 17:20:29","2020-06-06 23:59:34","06/06 15:41:29","06/06 17:20:29","06/06 15:41:29","06/06 11:47:36"
5934061047,4815,306,"2020-06-06 11:59:35","2020-06-06 23:59:34","06/06 07:59:32","06/06 11:59:35","06/06 07:59:32","06/06 11:50:32"
5934070037,4514,344,"2020-06-06 20:32:37","2020-06-06 23:59:34","06/06 07:50:31","06/06 20:32:37","06/06 07:50:31","06/06 08:02:34"
5934071034,2557,646,"2020-06-06 21:08:36","2020-06-06 23:59:34","06/05 07:47:29","06/06 21:08:36","06/03 14:38:55","06/06 21:08:36"
5934071052,2484,1810,"2020-06-06 11:53:32","2020-06-06 23:59:34","06/01 16:35:31","06/06 11:53:32","06/01 16:35:31","06/06 10:41:46"
5934080015,1238,406,"2020-06-06 11:56:32","2020-06-06 23:59:34","06/01 16:35:31","06/06 11:56:32","06/01 16:35:31","06/06 11:32:34"
5934080024,2812,1390,"2020-06-06 17:05:29","2020-06-06 23:59:34","06/05 09:02:35","06/06 17:05:29","06/03 09:08:57","06/06 13:23:29"
5934081058,2901,603,"2020-06-05 20:38:33","2020-06-06 23:59:34","06/01 16:35:31","06/05 20:38:33","06/02 16:08:55","06/05 20:38:33"
5934081067,2387,874,"2020-06-06 17:23:29","2020-06-06 23:59:34","06/04 08:38:54","06/06 17:23:29","06/06 08:56:32","06/06 15:29:31"
5934081129,2052,540,"2020-06-06 11:47:36","2020-06-06 23:59:34","06/06 08:44:34","06/06 11:47:36","06/06 08:44:34","06/06 10:14:35"
5934081147,6144,910,"2020-06-06 18:56:29","2020-06-06 23:59:34","06/03 11:02:59","06/06 18:56:29","06/06 17:50:29","06/06 18:26:29"
5934081165,864,1217,"2020-06-06 21:53:35","2020-06-06 23:59:34","06/01 16:35:31","06/06 21:53:35","06/03 09:03:02","06/06 19:53:29"
5934081174,4476,1110,"2020-06-06 20:14:31","2020-06-06 23:59:34","06/06 10:08:53","06/06 20:11:31","06/06 10:08:53","06/06 20:14:31"
5934091054,4167,1150,"2020-06-06 20:56:32","2020-06-06 23:59:34","06/04 09:44:57","06/06 20:56:32","06/06 07:56:32","06/06 18:56:29"
5934091072,3771,70,"2020-06-06 20:41:30","2020-06-06 23:59:34","06/06 07:29:34","06/06 20:41:30","06/01 16:35:31","06/06 12:08:31"
5934091081,1696,245,"2020-06-06 11:47:36","2020-06-06 23:59:34","06/01 16:35:31","06/06 11:47:36","06/01 16:35:31","06/06 11:14:33"
5934091090,3807,170,"2020-06-06 10:05:46","2020-06-06 23:59:34","06/06 08:05:33","06/06 10:05:46","06/01 16:35:31","06/06 09:38:34"
5934100030,1611,850,"2020-06-06 11:23:37","2020-06-06 23:59:34","06/01 16:35:31","06/06 11:23:37","06/06 08:11:31","06/06 08:56:32"
5934120014,4422,450,"2020-06-06 16:05:31","2020-06-06 23:59:34","06/06 08:41:34","06/06 16:05:31","06/06 08:41:34","06/06 11:08:38"
5938010108,5248,87,"2020-06-06 21:02:37","2020-06-06 23:59:34","06/06 17:41:29","06/06 21:02:37","06/06 17:41:29","06/06 19:38:29"
5938010153,2547,470,"2020-06-06 21:26:36","2020-06-06 23:59:34","06/06 08:08:32","06/06 21:26:36","06/06 08:08:32","06/06 14:14:29"
5938010386,234,0,"2020-06-06 21:11:34","2020-06-06 23:59:34","06/06 08:59:34","06/06 21:11:34","06/06 08:59:34","06/06 15:29:31"
5938010420,5428,215,"2020-06-06 19:53:29","2020-06-06 23:59:34","06/06 17:59:29","06/06 19:53:29","06/01 13:45:12","06/06 19:20:29"
5938010546,0,0,"2020-06-06 10:47:06","2020-06-06 10:47:06","06/06 08:02:34","06/06 10:47:06","04/12 08:41:50","04/12 15:26:38"
5938011614,2,80,"2020-06-06 16:44:31","2020-06-06 23:59:34","06/06 08:29:33","06/06 12:17:29","06/06 08:29:33","06/06 16:44:31"
5938011730,2538,220,"2020-06-05 21:41:32","2020-06-06 23:59:34","06/04 12:05:55","06/05 21:41:32","06/05 08:59:31","06/05 21:41:32"
5938011785,0,0,"2020-06-01 17:59:06","2020-06-01 17:59:06","06/01 14:14:32","06/01 17:59:06","06/01 14:14:32","06/01 17:59:06"
5938011810,5595,500,"2020-06-06 21:05:34","2020-06-06 23:59:34","06/06 13:56:29","06/06 21:05:34","06/06 13:56:29","06/06 21:05:34"
5938011829,2025,120,"2020-06-06 17:53:29","2020-06-06 23:59:34","06/05 14:29:29","06/06 17:53:29","06/05 14:29:29","06/06 17:47:29"
5938011838,4041,570,"2020-06-06 17:17:30","2020-06-06 23:59:34","06/06 14:29:29","06/06 17:17:30","06/06 14:29:29","06/06 15:56:29"
5938011847,4995,55,"2020-06-06 20:44:31","2020-06-06 23:59:34","06/06 09:32:34","06/06 20:32:37","06/06 09:32:34","06/06 20:44:31"
5938020079,1506,786,"2020-06-06 18:44:29","2020-06-06 23:59:34","06/01 13:45:12","06/06 18:44:29","06/01 13:45:12","06/06 16:23:29"
5938020088,3429,560,"2020-06-06 21:47:34","2020-06-06 23:59:34","06/04 09:05:57","06/06 21:47:34","06/06 08:29:33","06/06 10:23:34"
5938020104,2162,209,"2020-06-06 21:14:32","2020-06-06 23:59:34","06/06 08:32:35","06/06 21:14:32","06/01 13:45:12","06/06 19:26:29"
5938020159,2572,134,"2020-06-06 20:50:31","2020-06-06 23:59:34","06/06 08:05:33","06/06 20:50:31","06/06 08:05:33","06/06 12:17:29"
5938020257,5621,719,"2020-06-06 20:38:34","2020-06-06 23:59:34","06/06 08:38:35","06/06 20:38:34","06/01 13:45:12","06/06 17:47:29"
5938021423,4786,1680,"2020-06-05 17:50:29","2020-06-06 23:59:34","06/01 13:45:12","06/05 17:50:29","06/01 00:27:33","06/04 08:50:51"
5938021432,2140,452,"2020-06-06 19:20:29","2020-06-06 23:59:34","06/01 13:45:12","06/06 19:20:29","06/01 13:45:12","06/06 13:44:29"
5938021521,1710,606,"2020-06-06 16:08:29","2020-06-06 23:59:34","06/06 08:20:32","06/06 16:08:29","06/06 08:20:32","06/06 16:08:29"
5938021638,2333,2613,"2020-06-05 12:14:30","2020-06-06 23:59:34","06/01 13:45:12","06/05 12:14:30","06/01 13:45:12","06/05 08:44:30"
5938021683,5710,199,"2020-06-06 20:44:31","2020-06-06 23:59:34","06/06 14:20:29","06/06 20:44:31","06/01 13:45:12","06/06 18:14:29"
5938021745,4520,165,"2020-06-06 20:44:31","2020-06-06 23:59:34","06/05 08:02:32","06/06 20:44:31","06/06 08:05:33","06/06 20:11:31"
5938021772,5718,734,"2020-06-06 20:14:31","2020-06-06 23:59:34","06/06 09:11:32","06/06 20:14:31","06/06 09:11:32","06/06 18:32:36"
5938021781,1836,940,"2020-06-06 21:20:33","2020-06-06 23:59:34","06/06 08:38:35","06/06 21:08:36","06/06 21:08:36","06/06 21:20:33"
5938021790,2106,40,"2020-06-05 17:47:31","2020-06-06 23:59:34","06/01 13:45:12","06/05 17:47:31","06/01 13:45:12","06/05 17:44:31"
5938021852,3051,950,"2020-06-06 20:14:31","2020-06-06 23:59:34","06/04 08:08:54","06/06 20:14:31","06/06 08:11:31","06/06 19:26:29"
5938021914,4561,761,"2020-06-06 20:41:30","2020-06-06 23:59:34","06/05 15:05:32","06/06 20:41:30","06/04 19:26:32","06/06 20:26:32"
5938021932,1549,980,"2020-06-06 09:38:34","2020-06-06 23:59:34","06/01 13:45:12","06/06 09:38:34","06/01 13:45:12","06/06 09:38:34"
5938021941,4461,415,"2020-06-06 18:29:29","2020-06-06 23:59:34","06/06 08:14:32","06/06 18:29:29","06/01 13:45:12","06/06 10:35:32"
5938021969,3299,1175,"2020-06-06 19:47:29","2020-06-06 23:59:34","06/06 08:11:31","06/06 19:47:29","06/06 08:11:31","06/06 15:14:29"
5938022000,729,160,"2020-06-06 11:56:32","2020-06-06 23:59:34","06/02 10:20:49","06/06 11:56:32","06/05 17:05:31","06/05 16:35:32"
5938022019,998,1657,"2020-06-06 11:26:34","2020-06-06 23:59:34","06/01 13:45:12","06/06 11:26:34","06/01 13:45:12","06/06 09:17:31"
5938022046,1511,494,"2020-06-06 17:44:29","2020-06-06 23:59:34","06/06 10:08:53","06/06 16:23:29","06/06 10:08:53","06/06 17:44:29"
5938022064,4338,395,"2020-06-06 21:08:36","2020-06-06 23:59:34","06/04 11:05:58","06/06 21:08:36","06/04 11:05:58","06/06 14:50:29"
5938022117,1053,810,"2020-06-06 21:23:33","2020-06-06 23:59:34","06/03 08:17:54","06/06 21:23:33","06/06 08:20:32","06/06 20:44:31"
5938022126,1994,74,"2020-06-06 22:02:37","2020-06-06 23:59:34","06/06 07:41:32","06/06 22:02:37","06/04 07:08:56","06/06 17:47:29"
5938022135,3863,11,"2020-06-06 20:02:34","2020-06-06 23:59:34","06/04 17:20:31","06/06 19:59:29","06/04 17:20:31","06/06 20:02:34"
5938022144,2386,846,"2020-06-06 15:02:33","2020-06-06 23:59:34","06/01 13:45:12","06/06 15:02:33","06/01 13:45:12","06/06 11:17:33"
5938022153,3040,130,"2020-06-06 20:14:31","2020-06-06 23:59:34","06/01 13:45:12","06/06 20:14:31","06/06 08:41:34","06/06 20:14:31"
5938022171,3186,2290,"2020-06-06 10:56:33","2020-06-06 23:59:34","06/01 13:45:12","06/06 10:56:33","06/01 00:27:33","06/06 09:11:32"
5938030057,2560,0,"2020-06-06 21:32:36","2020-06-06 23:59:34","06/06 08:14:32","06/06 21:32:36","06/03 09:41:57","06/03 16:23:55"
5938030075,1681,312,"2020-06-06 20:29:31","2020-06-06 23:59:34","06/03 11:17:57","06/06 20:29:31","06/01 13:45:12","06/06 20:20:32"
5938030084,2735,500,"2020-06-06 11:20:32","2020-06-06 23:59:34","06/06 08:20:32","06/06 11:20:32","06/06 08:20:32","06/06 11:20:32"
5938030100,1788,0,"2020-06-06 20:41:30","2020-06-06 23:59:34","06/06 08:35:34","06/06 20:41:30","06/01 13:45:12","06/01 14:53:31"
5938030191,4065,540,"2020-06-06 19:29:29","2020-06-06 23:59:34","06/06 07:08:34","06/06 19:29:29","06/06 07:08:34","06/06 19:29:29"
5938030253,2556,0,"2020-06-06 20:53:31","2020-06-06 23:59:34","06/06 07:59:32","06/06 20:53:31","06/06 07:59:32","06/06 10:14:35"
5938030280,1872,49,"2020-06-06 20:32:37","2020-06-06 23:59:34","06/06 08:14:32","06/06 20:05:35","06/06 08:14:32","06/06 20:32:37"
5938030379,5292,539,"2020-06-06 20:05:35","2020-06-06 23:59:34","06/06 07:02:34","06/06 19:53:29","06/06 07:02:34","06/06 20:05:35"
5938030735,0,0,"2020-06-06 21:08:06","2020-06-06 21:08:06","06/06 08:29:33","06/06 21:08:06","06/03 08:38:57","06/04 09:11:56"
5938032140,675,580,"2020-06-06 21:02:37","2020-06-06 23:59:34","06/01 13:45:12","06/06 21:02:37","06/01 13:45:12","06/06 19:29:29"
5938032220,4770,420,"2020-06-06 20:23:34","2020-06-06 23:59:34","06/06 07:32:33","06/06 20:23:34","06/06 07:32:33","06/06 19:29:29"
5938032300,3015,570,"2020-06-06 17:14:29","2020-06-06 23:59:34","06/03 13:03:06","06/06 17:14:29","06/06 13:41:29","06/06 17:05:29"
5938032355,3786,686,"2020-06-06 20:20:32","2020-06-06 23:59:34","06/06 10:53:38","06/06 19:41:29","06/03 14:44:56","06/06 20:20:32"
5938032373,1732,1033,"2020-06-06 16:56:31","2020-06-06 23:59:34","06/01 13:45:12","06/06 16:56:31","06/01 13:45:12","06/06 15:47:29"
5938032391,0,0,"2020-06-06 20:56:06","2020-06-06 20:56:06","06/06 09:50:44","06/06 20:56:06","06/01 13:45:12","06/06 20:56:06"
5938032408,2064,330,"2020-06-06 21:38:34","2020-06-06 23:59:34","06/06 09:05:31","06/06 21:38:34","06/06 09:05:31","06/06 16:41:29"
5938032417,868,774,"2020-06-06 21:59:33","2020-06-06 23:59:34","06/06 09:02:36","06/06 20:35:32","06/06 09:02:36","06/06 21:59:33"
5938032435,80,1360,"2020-06-06 19:35:30","2020-06-06 23:59:34","06/01 13:45:12","06/06 19:14:29","06/03 10:50:53","06/06 19:35:30"
5938032453,2862,230,"2020-06-06 21:08:36","2020-06-06 23:59:34","06/06 09:47:32","06/06 21:08:36","06/06 09:47:32","06/06 17:17:30"
5938032462,0,0,"2020-05-08 09:26:05","2020-05-08 09:26:05","04/30 08:29:30","04/30 08:50:32","05/08 08:59:29","05/08 09:26:05"
5938032471,1960,330,"2020-06-06 19:56:29","2020-06-06 23:59:34","06/05 10:56:29","06/06 19:38:29","06/01 13:45:12","06/06 19:56:29"
5938040044,3491,713,"2020-06-06 19:50:29","2020-06-06 23:59:34","06/06 07:59:32","06/06 19:50:29","06/03 08:05:55","06/06 18:41:30"
5938040151,3505,873,"2020-06-06 12:23:31","2020-06-06 23:59:34","06/06 07:38:35","06/06 12:23:31","06/03 07:48:00","06/06 12:20:29"
5938040160,1224,843,"2020-06-06 19:53:29","2020-06-06 23:59:34","06/01 13:45:12","06/06 19:53:29","06/02 08:17:55","06/06 16:38:31"
5938040179,5371,984,"2020-06-06 20:53:31","2020-06-06 23:59:34","06/06 08:05:33","06/06 20:50:31","06/06 08:05:33","06/06 20:53:31"
5938040277,4182,1050,"2020-06-06 21:17:34","2020-06-06 23:59:34","06/06 09:20:35","06/06 21:17:34","06/06 09:20:35","06/06 16:53:29"
5938040286,1951,54,"2020-06-06 20:38:34","2020-06-06 23:59:34","06/06 09:17:31","06/06 20:38:34","06/06 09:02:36","06/06 20:38:34"
5938040295,2343,354,"2020-06-06 17:02:31","2020-06-06 23:59:34","06/06 08:11:31","06/06 17:02:31","06/03 08:26:54","06/06 15:35:29"
5938040348,3261,1769,"2020-06-06 21:17:34","2020-06-06 23:59:34","06/01 13:45:12","06/06 21:17:34","06/01 13:45:12","06/06 16:56:31"
5938040366,3244,817,"2020-06-06 16:29:31","2020-06-06 23:59:34","06/04 08:44:54","06/06 16:29:31","06/02 07:50:50","06/05 09:59:29"
5938040419,4974,551,"2020-06-06 19:44:29","2020-06-06 23:59:34","06/05 15:59:29","06/06 19:44:29","06/01 13:45:12","06/06 17:23:29"
5938040437,1153,600,"2020-06-06 21:20:33","2020-06-06 23:59:34","06/01 13:45:12","06/06 21:20:33","06/01 13:45:12","06/06 21:17:34"
5938041569,4044,946,"2020-06-06 19:29:29","2020-06-06 23:59:34","06/06 07:41:32","06/06 19:29:29","06/06 07:41:32","06/06 19:05:32"
5938041667,4770,510,"2020-06-06 20:32:37","2020-06-06 23:59:34","06/06 11:20:32","06/06 20:32:37","06/06 11:20:32","06/06 20:02:34"
5938041685,1790,0,"2020-06-06 20:53:31","2020-06-06 23:59:34","06/06 08:08:32","06/06 20:53:31","05/18 00:29:36","05/23 12:29:36"
5938041694,6007,909,"2020-06-06 13:14:29","2020-06-06 23:59:34","06/06 09:50:44","06/06 13:14:29","06/01 13:45:12","06/06 12:29:29"
5938041729,2772,630,"2020-06-06 20:50:31","2020-06-06 23:59:34","06/05 10:38:31","06/06 20:50:31","06/01 13:45:12","06/06 10:47:40"
5938041756,1040,553,"2020-06-06 20:26:32","2020-06-06 23:59:34","06/01 13:45:12","06/06 20:26:32","06/01 13:45:12","06/06 09:32:34"
5938041809,1972,579,"2020-06-06 11:56:32","2020-06-06 23:59:34","06/06 08:14:32","06/06 11:56:32","06/06 08:14:32","06/06 11:56:32"
5938041845,4745,1294,"2020-06-06 21:26:36","2020-06-06 23:59:34","06/05 21:56:33","06/06 21:26:36","06/01 13:45:12","06/06 12:50:29"
5938041854,5333,690,"2020-06-06 19:35:30","2020-06-06 23:59:34","06/06 10:14:35","06/06 19:35:30","06/06 10:14:35","06/06 15:38:31"
5938041863,801,1120,"2020-06-06 21:50:34","2020-06-06 23:59:34","06/01 13:45:12","06/06 20:38:34","06/06 21:50:34","06/06 20:02:34"
5938041872,1496,1322,"2020-06-06 20:35:32","2020-06-06 23:59:34","06/01 13:45:12","06/06 20:35:32","06/01 13:45:12","06/02 20:53:59"
5938041881,2129,856,"2020-06-06 12:02:35","2020-06-06 23:59:34","06/01 13:45:12","06/06 12:02:35","06/06 08:35:34","06/06 12:02:35"
5938050120,1816,970,"2020-06-06 19:53:29","2020-06-06 23:59:34","06/03 16:44:54","06/06 19:53:29","06/02 14:35:56","06/06 14:32:32"
5938050139,4565,972,"2020-06-06 22:26:37","2020-06-06 23:59:34","06/06 09:05:31","06/06 22:26:37","06/05 21:53:33","06/06 20:32:37"
5938060224,2550,480,"2020-06-06 21:23:33","2020-06-06 23:59:34","06/03 13:05:51","06/06 21:23:33","06/01 13:45:12","06/06 19:29:29"
5938061249,0,0,"2020-06-06 08:47:06","2020-06-06 08:47:06","06/02 17:47:53","06/06 08:47:06","06/04 09:03:04","06/06 08:47:06"
5938061258,954,980,"2020-06-06 17:50:29","2020-06-06 23:59:34","06/06 12:38:31","06/06 17:50:29","06/04 12:53:53","06/06 17:50:29"
5938061267,4437,1042,"2020-06-06 19:23:29","2020-06-06 23:59:34","06/06 07:53:32","06/06 19:23:29","06/06 07:53:32","06/06 19:23:29"
5938061285,3864,292,"2020-06-06 19:38:29","2020-06-06 23:59:34","06/06 09:59:41","06/06 19:38:29","06/01 13:45:12","06/06 17:23:29"
5938061301,3288,505,"2020-06-06 20:56:32","2020-06-06 23:59:34","06/06 11:08:38","06/06 20:56:32","06/03 09:23:55","06/06 19:20:29"
5938080048,2520,630,"2020-06-05 15:47:31","2020-06-06 23:59:34","06/03 11:29:56","06/05 15:47:31","06/01 13:45:12","06/05 09:32:36"
5938090026,1712,510,"2020-06-05 20:26:32","2020-06-06 23:59:34","06/05 07:29:30","06/05 20:26:32","06/01 13:45:12","06/05 20:20:34"
5938091149,4770,1158,"2020-06-06 10:20:33","2020-06-06 23:59:34","06/06 08:29:33","06/06 10:20:33","06/06 08:29:33","06/05 20:26:32"
5938100018,4437,290,"2020-06-06 20:35:32","2020-06-06 23:59:34","06/06 07:41:32","06/06 20:35:32","06/06 07:41:32","06/06 18:23:29"
5938100063,666,890,"2020-06-06 18:50:29","2020-06-06 23:59:34","06/01 13:45:12","06/06 18:50:29","06/01 13:45:12","06/06 17:47:29"
5938101122,750,1145,"2020-06-06 11:11:32","2020-06-06 23:59:34","06/05 15:35:35","06/06 11:11:32","06/05 15:35:35","06/06 10:29:34"
5938101159,6027,0,"2020-06-06 11:44:36","2020-06-06 23:59:34","06/01 13:45:12","06/06 11:44:36","04/14 11:56:45","04/14 15:47:41"
5938110023,3208,11,"2020-06-06 19:08:33","2020-06-06 23:59:34","06/06 08:05:33","06/06 19:08:33","06/01 13:45:12","06/06 10:35:32"
5938110032,1926,260,"2020-06-06 20:08:35","2020-06-06 23:59:34","06/06 08:08:32","06/06 20:08:35","06/06 08:08:32","06/06 18:44:29"
5938110078,3661,1064,"2020-06-06 09:32:34","2020-06-06 23:59:34","06/04 08:05:56","06/06 09:32:34","06/01 13:45:12","06/05 18:02:33"
5938111271,5040,142,"2020-06-06 17:14:29","2020-06-06 23:59:34","06/05 08:23:33","06/06 17:14:29","06/01 13:45:12","06/06 17:14:29"
5938130016,4504,210,"2020-06-06 16:32:32","2020-06-06 23:59:34","06/06 08:02:34","06/06 16:32:32","06/01 13:45:12","06/06 16:29:31"
5943030032,4665,658,"2020-06-06 21:23:33","2020-06-06 23:59:34","06/06 07:56:32","06/06 21:23:33","06/06 07:56:32","06/05 10:02:34"
5943030103,5312,194,"2020-06-06 20:29:31","2020-06-06 23:59:34","06/06 07:53:32","06/06 20:29:31","06/06 07:53:32","06/06 14:41:29"
5943030112,4588,983,"2020-06-06 22:59:34","2020-06-06 23:59:34","06/06 10:59:33","06/06 22:59:34","06/06 10:59:33","06/06 16:56:31"
5943031468,5396,47,"2020-06-06 21:08:36","2020-06-06 23:59:34","06/06 08:02:34","06/06 21:08:36","06/06 08:02:34","06/06 20:41:30"
5943031495,3981,76,"2020-06-06 20:29:31","2020-06-06 23:59:34","06/06 08:14:32","06/06 20:29:31","06/06 08:14:32","06/06 18:47:29"
5943031575,164,1366,"2020-06-06 20:59:32","2020-06-06 23:59:34","06/01 13:45:12","06/06 20:59:32","06/03 08:02:55","06/06 19:50:29"
5943031619,1350,360,"2020-06-06 20:02:34","2020-06-06 23:59:34","06/01 13:45:12","06/06 20:02:34","06/01 13:45:12","06/06 18:11:29"
5943031673,3294,280,"2020-06-06 17:11:29","2020-06-06 23:59:34","06/06 07:59:32","06/06 17:11:29","06/06 07:59:32","06/06 09:56:45"
5943031708,2030,1651,"2020-06-06 12:17:29","2020-06-06 23:59:34","06/01 13:45:12","06/06 12:17:29","06/01 13:45:12","06/06 12:14:29"
5943031735,5420,391,"2020-06-06 22:17:36","2020-06-06 23:59:34","06/06 09:35:32","06/06 22:17:36","06/06 09:35:32","06/06 21:05:34"
5943031744,1750,295,"2020-06-06 12:02:35","2020-06-06 23:59:34","06/01 13:45:12","06/06 12:02:35","06/01 13:45:12","06/06 11:47:36"
5943031753,4696,629,"2020-06-06 21:14:32","2020-06-06 23:59:34","06/06 08:26:34","06/06 21:14:32","06/06 08:26:34","06/06 14:41:29"
5943031762,1776,560,"2020-06-05 12:11:31","2020-06-06 23:59:34","06/01 13:45:12","06/05 12:11:31","06/01 13:45:12","06/05 12:11:31"
5943031771,846,506,"2020-06-06 21:11:34","2020-06-06 23:59:34","06/05 20:35:34","06/06 21:11:34","06/05 20:35:34","06/06 20:05:35"
5943031780,5499,470,"2020-06-06 22:14:34","2020-06-06 23:59:34","06/06 09:05:31","06/06 22:11:34","06/06 09:05:31","06/06 22:14:34"
5943031806,1367,180,"2020-06-06 16:26:29","2020-06-06 23:59:34","06/01 13:45:12","06/06 15:53:29","06/01 13:45:12","06/06 16:26:29"
5943081100,2439,169,"2020-06-06 11:59:35","2020-06-06 23:59:34","06/04 07:56:51","06/06 11:59:35","06/01 13:45:12","06/06 11:38:34"
5943081146,2587,260,"2020-06-06 21:08:36","2020-06-06 23:59:34","06/06 08:02:34","06/06 21:08:36","06/06 08:02:34","06/06 20:11:31"
5943081155,4906,36,"2020-06-06 20:44:31","2020-06-06 23:59:34","06/06 09:23:34","06/06 20:44:31","06/06 09:23:34","06/06 19:20:29"
5943090029,4299,460,"2020-06-06 22:53:35","2020-06-06 23:59:34","06/06 22:53:35","06/06 21:32:36","06/03 09:59:54","06/06 17:08:29"
5943091151,6120,428,"2020-06-06 21:53:35","2020-06-06 23:59:34","06/06 13:38:31","06/06 21:53:35","06/01 13:45:12","06/06 17:41:29"
5943091160,2250,640,"2020-06-06 20:41:30","2020-06-06 23:59:34","06/06 11:17:33","06/06 20:41:30","06/06 11:17:33","06/06 18:32:36"
5943130055,2453,725,"2020-06-06 18:08:30","2020-06-06 23:59:34","06/01 13:45:12","06/06 18:08:30","06/01 13:45:12","06/06 12:20:29"
5943130064,3340,439,"2020-06-06 21:26:36","2020-06-06 23:59:34","06/05 17:23:31","06/06 21:26:36","06/06 09:20:35","06/06 20:50:31"
5943130082,539,1162,"2020-06-06 20:05:35","2020-06-06 23:59:34","06/01 13:45:12","06/06 20:05:35","06/03 07:53:55","06/06 18:23:29"
5943130260,5432,740,"2020-06-06 20:17:33","2020-06-06 23:59:34","06/06 08:08:32","06/06 20:17:33","06/06 08:08:32","06/06 19:56:29"
5943131365,4790,113,"2020-06-06 13:23:29","2020-06-06 23:59:34","06/06 08:08:32","06/06 13:23:29","06/01 13:45:12","06/06 13:11:29"
5943131427,3071,888,"2020-06-06 11:35:32","2020-06-06 23:59:34","06/06 08:11:31","06/06 11:35:32","06/03 08:08:53","06/06 11:32:34"
5943131436,2206,1513,"2020-06-06 17:26:29","2020-06-06 23:59:34","06/06 08:14:32","06/06 17:26:29","06/03 08:11:52","06/06 16:26:29"
5943131481,1819,965,"2020-06-06 10:41:46","2020-06-06 23:59:34","06/06 08:53:32","06/06 10:41:46","06/01 13:45:12","06/06 09:59:41"
5943131516,2675,722,"2020-06-06 20:32:37","2020-06-06 23:59:34","06/04 18:02:34","06/06 20:05:35","06/03 22:09:00","06/06 20:32:37"
5943131534,4986,725,"2020-06-06 21:38:34","2020-06-06 23:59:34","06/06 21:38:34","06/06 21:35:34","06/03 12:17:56","06/06 19:29:29"
5943131543,0,280,"2020-06-06 09:11:32","2020-06-06 23:59:34","06/01 13:45:12","06/06 08:38:35","06/01 13:45:12","06/06 09:11:32"
5943131552,3798,870,"2020-06-06 16:44:31","2020-06-06 23:59:34","06/03 09:05:54","06/06 16:44:31","06/03 09:05:54","06/03 11:26:55"
5943140015,4308,780,"2020-06-06 19:59:29","2020-06-06 23:59:34","06/05 08:11:29","06/06 19:59:29","06/04 12:59:50","06/06 16:26:29"
5943161078,4382,1088,"2020-06-06 21:38:34","2020-06-06 23:59:34","06/05 08:59:31","06/06 21:17:34","06/06 08:26:34","06/06 21:38:34"
5943210021,982,972,"2020-06-06 20:17:33","2020-06-06 23:59:34","06/06 07:44:33","06/06 20:17:33","06/06 07:44:33","06/06 20:17:33"
5943210076,3450,709,"2020-06-06 18:59:29","2020-06-06 23:59:34","06/04 09:20:54","06/06 18:59:29","06/06 09:05:31","06/06 17:05:29"
5943231048,4095,830,"2020-06-06 16:23:29","2020-06-06 23:59:34","06/06 08:50:34","06/06 16:23:29","06/01 13:45:12","06/06 11:50:32"
5943251068,1101,1285,"2020-06-06 19:02:32","2020-06-06 23:59:34","06/01 13:45:12","06/06 19:02:32","06/01 13:45:12","06/05 19:02:34"
5945010038,4810,1070,"2020-06-06 19:29:29","2020-06-06 23:59:34","06/06 08:23:36","06/06 19:29:29","06/06 08:23:36","06/06 19:08:33"
5945010056,3530,358,"2020-06-06 21:50:34","2020-06-06 23:59:34","06/06 07:53:32","06/06 21:50:34","06/03 08:17:54","06/06 17:41:29"
5945010118,1353,463,"2020-06-06 20:35:32","2020-06-06 23:59:34","06/06 09:35:32","06/06 20:35:32","06/06 09:35:32","06/06 17:44:29"
5945010136,2534,379,"2020-06-06 21:05:34","2020-06-06 23:59:34","06/05 09:02:35","06/06 21:05:34","06/05 09:02:35","06/06 20:05:35"
5945010154,2353,1267,"2020-06-06 21:29:33","2020-06-06 23:59:34","06/06 12:08:31","06/06 21:29:33","06/06 12:08:31","06/06 19:50:29"
5945010252,3482,109,"2020-06-06 21:05:34","2020-06-06 23:59:34","06/06 07:59:32","06/06 21:05:34","06/01 13:45:12","06/06 18:11:29"
5945010289,1044,460,"2020-06-06 20:53:31","2020-06-06 23:59:34","06/01 13:45:12","06/06 20:53:31","06/01 13:45:12","06/06 19:17:29"
5945011311,0,0,"2020-06-06 08:38:06","2020-06-06 08:38:06","06/01 16:35:31","06/05 10:41:31","06/01 16:35:31","06/06 08:38:06"
5945011366,2160,1089,"2020-06-06 11:17:33","2020-06-06 23:59:34","06/01 13:45:12","06/06 11:17:33","06/01 13:45:12","06/05 09:35:30"
5945011428,1658,138,"2020-06-06 21:14:32","2020-06-06 23:59:34","06/01 13:45:12","06/06 21:14:32","06/01 13:45:12","06/06 15:59:29"
5945011526,4638,823,"2020-06-06 11:26:34","2020-06-06 23:59:34","06/01 13:45:12","06/06 11:26:34","06/06 09:14:32","06/06 10:50:35"
5945011759,2680,730,"2020-06-06 12:32:33","2020-06-06 23:59:34","06/01 13:45:12","06/06 12:32:33","06/01 13:45:12","06/06 09:26:34"
5945011795,1340,927,"2020-06-06 21:08:36","2020-06-06 23:59:34","06/03 08:11:52","06/06 21:08:36","06/06 08:17:32","06/06 21:05:34"
5945012069,1503,1139,"2020-06-06 20:08:35","2020-06-06 23:59:34","06/01 13:45:12","06/06 20:08:35","06/01 13:45:12","06/06 19:59:29"
5945012087,4665,1080,"2020-06-06 20:53:31","2020-06-06 23:59:34","06/06 00:29:34","06/06 20:44:31","06/06 00:29:34","06/06 20:53:31"
5945012096,1870,1690,"2020-06-05 19:38:31","2020-06-06 23:59:34","06/01 13:45:12","06/05 19:38:31","06/01 13:45:12","06/05 19:38:31"
5945012112,1737,1360,"2020-06-06 16:50:29","2020-06-06 23:59:34","06/06 14:08:32","06/06 16:50:29","06/06 14:08:32","06/06 16:50:29"
5945012185,3645,38,"2020-06-06 20:44:31","2020-06-06 23:59:34","06/01 13:45:12","06/06 20:44:31","06/01 13:45:12","06/05 21:29:33"
5945012210,777,782,"2020-06-06 20:29:31","2020-06-06 23:59:34","06/01 13:45:12","06/06 20:29:31","06/06 14:59:29","06/05 18:23:29"
5945012229,5742,930,"2020-06-06 20:08:35","2020-06-06 23:59:34","06/06 09:17:31","06/06 20:08:35","06/06 09:17:31","06/06 19:20:29"
5945012247,2943,607,"2020-06-06 12:32:33","2020-06-06 23:59:34","06/06 08:41:34","06/06 12:32:33","06/01 13:45:12","06/06 10:20:33"
5945012318,225,580,"2020-06-06 20:29:31","2020-06-06 23:59:34","06/02 16:02:57","06/06 20:29:31","06/04 16:08:32","06/06 17:11:29"
5945012434,1854,570,"2020-06-06 19:53:29","2020-06-06 23:59:34","06/01 13:45:12","06/06 19:53:29","06/01 13:45:12","06/06 18:23:29"
5945012498,4041,430,"2020-06-06 21:11:34","2020-06-06 23:59:34","06/06 08:29:33","06/06 21:11:34","06/06 08:29:33","06/06 20:50:31"
5945012630,294,1239,"2020-06-06 19:59:29","2020-06-06 23:59:34","06/01 13:45:12","06/06 19:59:29","06/01 13:45:12","06/05 11:38:32"
5945012649,2312,1051,"2020-06-06 12:32:33","2020-06-06 23:59:34","06/06 07:59:32","06/06 12:32:33","06/06 07:59:32","06/06 10:20:33"
5945012658,3942,420,"2020-06-06 22:05:37","2020-06-06 23:59:34","06/06 09:02:36","06/06 22:05:37","06/06 09:02:36","06/06 19:53:29"
5945012685,3727,564,"2020-06-06 21:29:33","2020-06-06 23:59:34","06/06 08:29:33","06/06 21:29:33","06/01 13:45:12","06/06 20:50:31"
5945012701,3346,1135,"2020-06-06 20:50:31","2020-06-06 23:59:34","06/01 13:45:12","06/06 20:50:31","06/02 15:02:56","06/06 19:44:29"
5945012738,1242,650,"2020-06-06 12:05:34","2020-06-06 23:59:34","06/06 08:02:34","06/06 12:05:34","06/03 08:02:55","06/06 09:17:31"
5945012783,5735,809,"2020-06-06 21:20:33","2020-06-06 23:59:34","06/06 10:17:34","06/06 21:20:33","06/03 09:50:53","06/06 19:44:29"
5945012809,2350,750,"2020-06-05 17:50:29","2020-06-06 23:59:34","06/01 16:35:31","06/05 17:50:29","06/01 16:35:31","06/05 17:29:29"
5945012836,1332,370,"2020-06-06 11:50:32","2020-06-06 23:59:34","06/06 08:02:34","06/06 11:50:32","06/03 08:02:55","06/06 10:38:33"
5945012863,2394,640,"2020-06-06 20:59:32","2020-06-06 23:59:34","06/06 08:14:32","06/06 20:59:32","06/06 08:14:32","06/06 20:38:34"
5945012872,1068,232,"2020-06-06 12:38:31","2020-06-06 23:59:34","06/01 13:45:12","06/06 12:38:31","06/01 13:45:12","06/06 12:38:31"
5945012890,3247,10,"2020-06-06 12:26:29","2020-06-06 23:59:34","06/06 08:08:32","06/06 12:26:29","06/01 13:45:12","06/06 09:38:34"
5945012970,3248,669,"2020-06-06 21:05:34","2020-06-06 23:59:34","06/04 08:56:53","06/06 21:05:34","06/03 08:53:50","06/06 17:35:30"
5945013011,0,0,"2020-06-06 12:02:26","2020-06-06 12:02:26","06/06 00:29:34","06/06 12:02:26","06/06 09:05:31","06/06 12:02:26"
5945013039,5085,350,"2020-06-05 21:05:34","2020-06-06 23:59:34","06/05 11:08:32","06/05 21:05:34","06/05 08:29:30","06/05 21:02:37"
5945013048,4176,530,"2020-06-06 20:29:31","2020-06-06 23:59:34","06/06 07:44:33","06/06 20:29:31","06/06 07:44:33","06/06 17:44:29"
5945013057,995,650,"2020-06-06 20:29:31","2020-06-06 23:59:34","06/01 13:45:12","06/06 20:29:31","06/01 13:45:12","06/06 09:32:34"
5945013066,684,1690,"2020-06-06 21:32:36","2020-06-06 23:59:34","06/01 13:45:12","06/06 21:32:36","06/01 13:45:12","06/06 21:29:33"
5945013100,3855,432,"2020-06-06 11:56:32","2020-06-06 23:59:34","06/01 13:45:12","06/06 11:56:32","06/05 08:38:30","06/06 11:26:34"
5945013119,5148,820,"2020-06-06 18:32:36","2020-06-06 23:59:34","06/06 08:08:32","06/06 18:32:36","06/06 00:29:34","06/06 14:50:29"
5945013128,2025,499,"2020-06-06 20:02:34","2020-06-06 23:59:34","06/01 13:45:12","06/06 20:02:34","06/06 13:53:29","06/06 16:56:31"
5945013137,1332,928,"2020-06-06 09:38:34","2020-06-06 23:59:34","06/01 13:45:12","06/06 09:38:34","06/01 13:45:12","06/06 08:32:35"
5945013155,5167,831,"2020-06-06 21:14:32","2020-06-06 23:59:34","06/06 13:35:29","06/06 21:14:32","06/06 13:35:29","06/05 19:08:32"
5945013164,9413,2775,"2020-06-06 11:29:31","2020-06-06 23:59:34","06/01 13:45:12","06/06 11:29:31","06/01 13:45:12","06/06 08:38:35"
5945013173,808,688,"2020-06-06 11:59:35","2020-06-06 23:59:34","06/01 13:45:12","06/06 11:59:35","06/01 13:45:12","06/06 11:53:32"
5945013182,4482,970,"2020-06-06 11:05:33","2020-06-06 23:59:34","06/01 13:45:12","06/06 10:47:40","06/01 13:45:12","06/06 11:05:33"
5945021040,3525,824,"2020-06-06 18:53:29","2020-06-06 23:59:34","06/06 07:53:32","06/06 18:53:29","06/06 07:53:32","06/06 16:56:31"
5945021086,2169,1190,"2020-06-06 18:41:30","2020-06-06 23:59:34","06/06 07:59:32","06/06 18:41:30","06/06 07:59:32","06/06 11:44:36"
5945030094,3414,944,"2020-06-06 20:41:30","2020-06-06 23:59:34","06/04 07:47:53","06/06 20:41:30","06/03 08:02:55","06/06 17:32:31"
5945031199,2009,424,"2020-06-06 19:26:29","2020-06-06 23:59:34","06/01 13:45:12","06/06 19:26:29","06/01 13:45:12","06/06 10:35:32"
5945031224,910,1028,"2020-06-06 17:17:30","2020-06-06 23:59:34","06/03 14:14:57","06/06 17:17:30","06/06 14:53:29","06/06 10:32:34"
5945031260,5211,1230,"2020-06-06 19:38:29","2020-06-06 23:59:34","06/01 13:45:12","06/06 19:38:29","06/03 08:14:50","06/06 17:11:29"
5945031279,2052,741,"2020-06-06 11:08:38","2020-06-06 23:59:34","06/01 13:45:12","06/06 11:08:38","06/06 08:05:33","06/06 10:08:53"
5945031297,1250,606,"2020-06-05 21:11:33","2020-06-06 23:59:34","06/01 13:45:12","06/05 21:11:33","06/05 08:32:34","06/05 19:35:30"
5945040036,9,410,"2020-06-06 19:14:29","2020-06-06 23:59:34","06/04 07:53:50","06/06 12:11:29","06/06 07:59:32","06/06 19:14:29"
5945041051,202,1125,"2020-06-06 11:11:32","2020-06-06 23:59:34","06/03 11:26:55","06/06 11:11:32","06/03 11:26:55","06/06 11:08:38"
5945041079,6425,1341,"2020-06-06 10:59:33","2020-06-06 23:59:34","06/06 08:17:32","06/06 10:59:33","06/06 08:29:33","06/06 10:26:33"
5945050069,4149,1133,"2020-06-06 21:29:33","2020-06-06 23:59:34","06/06 08:14:32","06/06 21:29:33","06/06 08:14:32","06/06 19:08:33"
5945050176,1323,116,"2020-06-06 21:53:35","2020-06-06 23:59:34","06/04 08:38:54","06/06 21:53:35","06/01 13:45:12","06/06 19:11:29"
5945051208,1109,919,"2020-06-06 19:26:29","2020-06-06 23:59:34","06/06 08:14:32","06/06 19:26:29","06/06 08:14:32","06/06 11:44:36"
5945051226,4329,1352,"2020-06-05 20:47:31","2020-06-06 23:59:34","06/04 10:02:55","06/05 20:47:31","06/01 13:45:12","06/05 20:32:35"
5945051271,4665,1030,"2020-06-06 18:50:29","2020-06-06 23:59:34","06/01 13:45:12","06/06 18:50:29","06/03 08:23:54","06/06 17:02:31"
5945051388,931,374,"2020-06-06 19:20:29","2020-06-06 23:59:34","06/01 13:45:12","06/06 19:20:29","06/06 09:02:36","06/06 18:14:29"
5945051413,904,1136,"2020-06-05 11:20:32","2020-06-06 23:59:34","06/02 10:00:01","06/05 11:20:32","06/01 13:45:12","06/04 11:38:54"
5945051422,2160,690,"2020-06-06 10:50:35","2020-06-06 23:59:34","06/06 07:59:32","06/06 10:50:35","06/06 07:59:32","06/06 09:59:41"
5945051520,1254,781,"2020-06-06 11:44:36","2020-06-06 23:59:34","06/06 08:08:32","06/06 11:44:36","06/06 08:08:32","06/06 11:44:36"
5945051575,2154,769,"2020-06-06 11:02:37","2020-06-06 23:59:34","06/01 13:45:12","06/06 11:02:37","06/01 13:45:12","06/05 10:50:30"
5945051584,4223,1197,"2020-06-06 20:44:31","2020-06-06 23:59:34","06/05 08:50:29","06/06 20:44:31","06/06 08:53:32","06/06 15:56:29"
5945051593,0,0,"2020-06-06 07:41:10","2020-06-06 07:41:10","06/06 00:29:34","06/06 07:41:10","06/06 00:29:34","06/06 07:41:10"
5945051619,2716,1290,"2020-06-06 22:23:35","2020-06-06 23:59:34","06/04 10:53:54","06/06 22:23:35","06/06 10:41:46","06/06 15:44:29"
5945051646,1270,550,"2020-06-06 22:02:37","2020-06-06 23:59:34","06/01 13:45:12","06/06 22:02:37","06/01 13:45:12","06/06 20:41:30"
5945051664,5868,492,"2020-06-06 21:59:33","2020-06-06 23:59:34","06/06 09:02:36","06/06 21:59:33","06/06 09:02:36","06/06 21:35:34"
5945051673,3094,536,"2020-06-05 20:17:32","2020-06-06 23:59:34","06/05 10:47:30","06/05 20:17:32","06/05 10:47:30","06/05 19:29:29"
5945051682,1449,0,"2020-06-06 11:50:32","2020-06-06 23:59:34","06/05 11:20:32","06/06 11:50:32","06/01 13:45:12","06/03 16:14:54"
5945061106,6454,1000,"2020-06-06 09:23:34","2020-06-06 23:59:34","06/06 07:44:33","06/06 09:23:34","06/02 08:02:57","06/05 17:14:31"
5945061179,2114,1225,"2020-06-06 15:02:33","2020-06-06 23:59:34","06/06 08:59:34","06/06 15:02:33","06/05 08:59:31","06/06 09:32:34"
5945061188,2690,625,"2020-06-05 10:50:30","2020-06-06 23:59:34","06/05 10:17:29","06/05 10:50:30","06/01 13:45:12","06/04 17:41:31"
5945061197,666,1233,"2020-06-06 11:59:35","2020-06-06 23:59:34","06/01 13:45:12","06/06 11:56:32","06/06 07:50:31","06/06 11:59:35"
5945061204,2565,920,"2020-06-06 11:50:32","2020-06-06 23:59:34","06/06 08:11:31","06/06 11:50:32","06/04 08:14:56","06/06 10:41:46"
5945070516,1647,1056,"2020-06-06 11:20:32","2020-06-06 23:59:34","06/05 10:35:31","06/06 11:11:32","06/05 10:35:31","06/06 11:20:32"
5945070534,1366,400,"2020-06-06 20:23:34","2020-06-06 23:59:34","06/04 11:20:53","06/06 20:23:34","06/01 13:45:12","06/06 10:11:39"
5945070561,4876,431,"2020-06-06 20:23:34","2020-06-06 23:59:34","06/05 08:02:32","06/06 20:23:34","06/06 08:11:31","06/06 18:26:29"
5945091088,1685,236,"2020-06-06 19:47:29","2020-06-06 23:59:34","06/01 13:45:12","06/06 19:47:29","06/06 07:32:33","06/06 19:08:33"
5945091113,3440,940,"2020-06-06 19:59:29","2020-06-06 23:59:34","06/06 07:26:32","06/06 19:59:29","06/06 07:26:32","06/06 19:44:29"
5990010515,3450,50,"2020-06-06 20:47:33","2020-06-06 23:59:34","06/06 08:08:32","06/06 20:47:33","06/06 20:23:34","06/06 20:20:32"
5990010524,6125,188,"2020-06-06 20:26:32","2020-06-06 23:59:34","06/06 08:26:34","06/06 20:26:32","06/06 08:26:34","06/06 19:17:29"
5990010533,3173,469,"2020-06-06 18:59:29","2020-06-06 23:59:34","06/04 08:02:58","06/06 18:59:29","06/06 08:08:32","06/06 11:56:32"
5990010542,3939,282,"2020-06-06 21:02:37","2020-06-06 23:59:34","06/04 08:08:54","06/06 18:32:36","06/06 08:05:33","06/06 21:02:37"
5990010631,5076,0,"2020-06-06 19:41:29","2020-06-06 23:59:34","06/06 09:05:31","06/06 19:41:29","06/06 09:05:31","06/06 11:23:37"
5990010668,4464,950,"2020-06-06 18:08:30","2020-06-06 23:59:34","06/06 10:47:40","06/06 18:08:30","06/06 10:47:40","06/06 16:05:31"
5990010677,9612,700,"2020-06-06 13:05:29","2020-06-06 23:59:34","06/06 09:44:31","06/06 13:05:29","06/06 09:44:31","06/06 11:38:34"
5990020020,1062,330,"2020-06-06 18:35:29","2020-06-06 23:59:34","06/05 07:59:30","06/06 18:35:29","06/05 07:59:30","06/06 14:47:29"
5990030044,4478,24,"2020-06-06 20:35:32","2020-06-06 23:59:34","06/06 08:56:32","06/06 20:35:32","06/06 08:56:32","06/06 18:50:29"
5990030062,4471,87,"2020-06-06 21:17:34","2020-06-06 23:59:34","06/06 08:32:35","06/06 21:17:34","06/06 08:32:35","06/06 18:47:29"
